filename,cefr,len,awl,ttr,avps,apps,abvmean,abvmin,abvmax,ari,attr,ajcv,bpera,asl,asl.avps,jcpp,cli,dcrs,fre,fkg
A2 (1).txt,1,188,4.1063829787234045,0.6702127659574468,2.727272727272727,1.2727272727272727,1.9675324675324675,1.5129870129870129,2.487012987012987,6.456518375241778,3.5095302516839024,0.18158436213991772,0.02531645569620253,17.09090909090909,46.61157024793388,13.829787234042554,6.32,6.01,80.92,5.9
A2 (10).txt,1,191,4.4188481675392675,0.6230366492146597,2.4166666666666665,1.0833333333333333,2.3381237524950103,1.874251497005988,2.7904191616766467,7.341108202443284,3.2723588373693664,0.4381868131868132,0.1518987341772152,15.916666666666666,38.46527777777777,4.712041884816754,8.01,5.66,68.6,8.5
A2 (11).txt,1,112,4.383928571428571,0.5803571428571429,1.0,1.0,2.1584362139917697,1.8024691358024691,2.617283950617284,4.818303571428572,2.7384145235194746,0.5140350877192983,0.13095238095238096,11.2,11.2,15.178571428571427,7.46,5.59,85.28,4.2
A2 (12).txt,1,105,3.8666666666666667,0.6190476190476191,2.125,1.0,2.3278388278388285,1.8131868131868132,2.78021978021978,3.3445,2.881023073907038,0.3024344569288389,0.03488372093023256,13.125,27.890625,15.238095238095239,4.69,4.69,81.33,5.7
A2 (13).txt,1,197,4.116751269035533,0.5126903553299492,1.5,1.5625,2.396969696969697,1.981818181818182,2.8666666666666667,4.116148477157363,2.708647596967192,0.3475490196078432,0.1038961038961039,12.3125,18.46875,13.705583756345177,5.96,5.05,92.83,3.4
A2 (14).txt,1,114,4.368421052631579,0.7456140350877193,1.7,0.6,2.1815181518151814,1.8712871287128714,2.495049504950495,4.845263157894735,3.531376036083615,0.2250778816199377,0.0594059405940594,11.4,19.38,6.140350877192982,7.23,5.46,77.03,5.3
A2 (15).txt,1,92,4.228260869565218,0.6847826086956522,1.3,0.8,2.226851851851852,1.5277777777777777,3.0277777777777777,3.085108695652174,3.096442177761843,0.25216450216450215,0.06944444444444445,9.2,11.959999999999999,16.304347826086957,5.07,4.9,88.13,3.1
A2 (16).txt,1,194,4.046391752577319,0.5773195876288659,1.1428571428571428,2.2857142857142856,2.0802845528455283,1.7195121951219512,2.4634146341463414,4.557076583210602,3.0412377000777973,0.281657355679702,0.10493827160493827,13.857142857142858,15.83673469387755,7.731958762886598,5.91,5.14,91.41,3.9
A2 (17).txt,1,134,4.2388059701492535,0.6716417910447762,1.0,0.6666666666666666,2.1808176100628933,1.7358490566037736,2.7641509433962264,5.979220563847427,3.289593895489418,0.26997245179063367,0.06140350877192982,14.88888888888889,14.88888888888889,9.701492537313433,7.02,5.76,81.02,5.8
A2 (18).txt,1,86,3.627906976744186,0.6744186046511628,1.75,1.25,2.4402985074626864,2.1641791044776117,2.701492537313433,1.0324418604651164,3.00409468817097,0.22916666666666666,0.07462686567164178,10.75,18.8125,16.27906976744186,1.95,5.25,93.85,3.0
A2 (19).txt,1,198,4.111111111111111,0.6111111111111112,1.6923076923076923,1.6153846153846154,2.085264227642276,1.6829268292682926,2.5304878048780486,5.548717948717943,3.231718740979994,0.3839113680154142,0.10897435897435898,15.23076923076923,25.77514792899408,12.626262626262626,6.26,5.72,79.8,6.3
A2 (2).txt,1,115,4.408695652173913,0.6782608695652174,2.5,0.5,2.3444444444444446,1.8888888888888888,2.8,6.52245652173913,3.2183017914115957,0.3033333333333333,0.1111111111111111,14.375,35.9375,13.043478260869565,7.42,5.3,90.29,4.3
A2 (20).txt,1,105,4.228571428571429,0.7523809523809524,2.857142857142857,1.1428571428571428,2.153256704980843,1.5862068965517242,2.7126436781609193,5.98657142857143,3.5015511205947076,0.3524305555555555,0.09090909090909091,15.0,42.85714285714286,8.571428571428571,6.67,5.57,81.22,5.8
A2 (21).txt,1,89,3.898876404494382,0.6629213483146067,1.7,1.0,2.266666666666667,1.9866666666666666,2.506666666666667,1.3837078651685388,2.9756128743168113,0.27815315315315314,0.08823529411764706,8.9,15.13,16.853932584269664,3.98,4.84,86.91,3.6
A2 (22).txt,1,205,3.9170731707317072,0.5951219512195122,2.6666666666666665,1.0,2.0787601626016263,1.6524390243902438,2.5,5.561081300813008,3.167840085145784,0.2740112994350282,0.05357142857142857,17.083333333333332,45.55555555555555,13.658536585365855,4.64,5.87,88.87,4.9
A2 (23).txt,1,122,4.163934426229508,0.680327868852459,1.5,1.0,2.040740740740741,1.5858585858585859,2.515151515151515,4.28213114754098,3.26830939928574,0.28253968253968254,0.08247422680412371,12.2,18.299999999999997,13.934426229508196,6.38,5.3,89.58,4.6
A2 (24).txt,1,76,3.736842105263158,0.75,1.4285714285714286,1.7142857142857142,1.9576271186440677,1.576271186440678,2.3559322033898304,1.599097744360904,3.2480500052147483,0.24747474747474751,0.11864406779661017,10.857142857142858,15.510204081632654,13.157894736842104,3.52,4.89,92.42,3.5
A2 (25).txt,1,192,4.296875,0.6510416666666666,2.0,1.8333333333333333,2.1749482401656315,1.84472049689441,2.546583850931677,6.80828125,3.4228485494972536,0.1972386587771203,0.018072289156626505,16.0,32.0,11.979166666666668,7.48,5.74,80.51,6.0
A2 (26).txt,1,117,4.188034188034188,0.717948717948718,1.5454545454545454,1.0,2.0524691358024696,1.5462962962962963,2.5925925925925926,3.6138228438228452,3.418996671136851,0.22727272727272727,0.0891089108910891,10.636363636363637,16.43801652892562,5.982905982905983,6.25,5.09,83.56,4.9
A2 (27).txt,1,90,3.6444444444444444,0.7111111111111111,1.1818181818181819,1.1818181818181819,2.127314814814815,1.6388888888888888,2.5972222222222223,-0.1737575757575769,3.1998646544570777,0.2883771929824561,0.11764705882352941,8.181818181818182,9.669421487603307,15.555555555555555,2.93,4.66,95.37,2.4
A2 (28).txt,1,197,4.182741116751269,0.6243654822335025,2.2857142857142856,1.3571428571428572,2.163776493256262,1.7283236994219653,2.5722543352601157,5.306424945612761,3.2986500438313326,0.3416666666666667,0.15384615384615385,14.071428571428571,32.16326530612245,8.629441624365482,7.08,5.58,85.02,6.4
A2 (29).txt,1,126,4.182539682539683,0.7142857142857143,1.8,0.7,2.406432748538012,1.8859649122807018,2.973684210526316,4.569761904761908,3.454487076393913,0.28376436781609193,0.07407407407407407,12.6,22.68,7.936507936507936,6.13,5.14,92.53,3.5
A2 (3).txt,1,95,4.0,0.8421052631578947,1.5,0.7,1.9955555555555557,1.5866666666666667,2.3866666666666667,2.16,3.8348436981899288,0.30274261603375524,0.09722222222222222,9.5,14.25,16.842105263157894,4.74,5.37,92.83,3.4
A2 (30).txt,1,87,3.8620689655172415,0.7701149425287356,2.142857142857143,1.4285714285714286,2.1645569620253164,1.8734177215189873,2.4683544303797467,2.9746305418719245,3.4392625741362886,0.32251082251082247,0.1,12.428571428571429,26.632653061224488,11.494252873563218,4.16,5.52,92.73,3.4
A2 (31).txt,1,201,3.6417910447761193,0.6069651741293532,1.7222222222222223,0.5555555555555556,2.08921568627451,1.611764705882353,2.5470588235294116,1.3061691542288543,3.2189213869811306,0.2960271317829457,0.09554140127388536,11.166666666666666,19.23148148148148,14.427860696517413,3.17,5.01,93.54,3.1
A2 (32).txt,1,127,3.874015748031496,0.5984251968503937,2.5714285714285716,0.8571428571428571,2.0510903426791276,1.6168224299065421,2.4953271028037385,5.888042744656914,2.8988836107941176,0.33836206896551724,0.11538461538461539,18.142857142857142,46.6530612244898,8.661417322834646,4.87,5.03,86.94,5.6
A2 (33).txt,1,87,3.8160919540229883,0.7471264367816092,1.4,0.8,2.0161904761904763,1.6142857142857143,2.3714285714285714,0.8937931034482745,3.336598019684459,0.23026315789473684,0.07042253521126761,8.7,12.179999999999998,12.643678160919542,3.51,5.75,87.01,3.5
A2 (34).txt,1,192,4.052083333333333,0.609375,2.0,1.3076923076923077,2.128888888888889,1.6466666666666667,2.68,5.0399278846153805,3.2037862423294294,0.29989384288747345,0.1056338028169014,14.76923076923077,29.53846153846154,18.229166666666664,5.91,5.82,87.55,5.4
A2 (35).txt,1,117,4.598290598290598,0.6410256410256411,1.4285714285714286,1.4285714285714286,2.1152647975077885,1.794392523364486,2.439252336448598,8.585091575091575,3.0526755992293313,0.3463768115942029,0.11650485436893204,16.714285714285715,23.877551020408166,1.7094017094017095,9.22,6.35,71.44,7.4
A2 (36).txt,1,95,3.7263157894736842,0.7368421052631579,2.2222222222222223,0.7777777777777778,2.3395833333333336,1.8375,2.8375,1.3987251461988315,3.3554882359161877,0.3252032520325203,0.1232876712328767,10.555555555555555,23.45679012345679,13.684210526315791,3.4,5.06,93.34,3.2
A2 (37).txt,1,207,4.057971014492754,0.5555555555555556,3.230769230769231,1.1538461538461537,2.0355691056910565,1.4451219512195121,2.6402439024390243,5.64458193979933,2.962621551814094,0.3850574712643678,0.10126582278481013,15.923076923076923,51.443786982248525,15.942028985507244,6.49,5.5,81.02,5.8
A2 (38).txt,1,121,4.5041322314049586,0.7355371900826446,1.2727272727272727,0.8181818181818182,2.2276234567901234,1.6481481481481481,2.8055555555555554,5.284462809917354,3.5274823021331403,0.4724770642201835,0.17204301075268819,11.0,14.0,9.917355371900827,7.4,5.35,85.49,4.1
A2 (39).txt,1,98,3.795918367346939,0.7040816326530612,2.0,1.0,2.0393518518518516,1.2916666666666667,2.7916666666666665,1.8932199546485293,3.2281913880435664,0.3643162393162393,0.09859154929577464,10.88888888888889,21.77777777777778,20.408163265306122,3.93,5.37,92.83,3.4
A2 (4).txt,1,183,4.360655737704918,0.5901639344262295,1.4166666666666667,0.5,2.2382882882882886,1.8581081081081081,2.6621621621621623,6.817021857923496,3.074450844299855,0.3502044989775051,0.08666666666666667,15.416666666666666,21.84027777777778,11.891891891891893,7.54,5.58,80.72,6.0
A2 (40).txt,1,189,4.195767195767195,0.5978835978835979,2.066666666666667,1.7333333333333334,1.8991397849462366,1.4258064516129032,2.412903225806452,4.632063492063491,3.133954564559469,0.2772904483430799,0.062111801242236024,12.6,26.040000000000003,9.523809523809524,6.78,5.74,80.51,6.0
A2 (41).txt,1,133,4.097744360902255,0.6390977443609023,2.0,0.7,2.3248587570621466,1.8135593220338984,2.8135593220338984,4.520375939849622,3.125411096983828,0.21774193548387097,0.024793388429752067,13.3,26.6,6.7669172932330826,5.73,5.37,91.92,3.7
A2 (42).txt,1,96,3.8125,0.71875,2.090909090909091,1.2727272727272727,2.2848101265822787,1.860759493670886,2.721518987341772,0.8905113636363637,3.280625262617507,0.3436213991769547,0.08,8.727272727272727,18.24793388429752,15.625,3.45,5.61,95.77,2.2
A2 (43).txt,1,196,4.122448979591836,0.6428571428571429,1.8125,1.0,2.4243947858472996,1.9608938547486034,2.8715083798882683,4.111734693877551,3.3930737095053325,0.30209471766848817,0.057803468208092484,12.25,22.203125,6.63265306122449,5.97,5.51,89.89,4.5
A2 (44).txt,1,132,4.4772727272727275,0.6666666666666666,2.375,0.875,2.0474137931034484,1.6724137931034482,2.4482758620689653,7.9079545454545475,3.255201281724247,0.310546875,0.06666666666666667,16.5,39.1875,3.0303030303030303,8.41,5.41,71.55,7.4
A2 (45).txt,1,96,3.8541666666666665,0.6770833333333334,1.6,0.5,2.5520833333333335,2.1875,2.8625,1.5231250000000003,3.0904440879730144,0.38211382113821135,0.10810810810810811,9.6,15.36,14.583333333333334,3.16,4.56,96.08,2.1
A2 (46).txt,1,199,4.306532663316583,0.6080402010050251,1.3846153846153846,0.8461538461538461,2.314699792960662,2.0,2.6770186335403725,6.5076149980672575,3.2185421296063494,0.28879310344827586,0.05454545454545454,15.307692307692308,21.19526627218935,12.562814070351758,7.3,5.45,91.0,4.1
A2 (47).txt,1,122,4.39344262295082,0.6967213114754098,1.25,0.375,2.139057239057239,1.8282828282828283,2.4646464646464645,6.888114754098364,3.347063842642023,0.24877675840978594,0.0380952380952381,15.25,19.0625,10.655737704918032,7.53,5.55,81.22,5.8
A2 (48).txt,1,91,3.956043956043956,0.7912087912087912,1.0,0.7,2.3127853881278537,1.917808219178082,2.7534246575342465,1.7529670329670353,3.569031697463881,0.3670886075949367,0.14492753623188406,9.1,9.1,13.186813186813188,4.44,4.83,86.71,3.7
A2 (49).txt,1,194,4.175257731958763,0.6494845360824743,1.588235294117647,1.1764705882352942,2.225925925925926,1.736842105263158,2.719298245614035,3.9413462704669513,3.4213924125875224,0.23076923076923078,0.08982035928143713,11.411764705882353,18.124567474048444,6.185567010309279,6.37,6.05,83.56,4.9
A2 (5).txt,1,117,4.367521367521367,0.7521367521367521,0.75,0.5,2.3942028985507244,1.826086956521739,2.9130434782608696,4.016025641025639,3.581806036429082,0.37623762376237624,0.08602150537634409,9.75,7.3125,13.675213675213676,6.59,5.73,86.91,3.6
A2 (50).txt,1,118,4.372881355932203,0.6864406779661016,3.5714285714285716,1.8571428571428572,2.355238095238095,1.8571428571428572,2.8190476190476192,7.594842615012105,3.274791987980668,0.3438438438438438,0.07766990291262135,16.857142857142858,60.204081632653065,5.932203389830509,7.65,6.07,88.06,5.2
A2 (51).txt,1,112,3.767857142857143,0.7857142857142857,1.1666666666666667,1.5,2.1388278388278392,1.6923076923076923,2.5714285714285716,0.983273809523812,3.7073919703032883,0.20399305555555555,0.043478260869565216,9.333333333333334,10.888888888888891,14.285714285714285,3.69,5.14,86.81,3.6
A2 (52).txt,1,243,4.1193415637860085,0.49382716049382713,1.2,2.1333333333333333,1.9521276595744679,1.6595744680851063,2.2872340425531914,6.072098765432102,2.7126229349829867,0.16465378421900162,0.035,16.2,19.439999999999998,14.814814814814813,6.38,5.68,80.51,6.0
A2 (53).txt,1,116,4.5,0.7155172413793104,1.5714285714285714,0.42857142857142855,2.396276595744681,1.8829787234042554,2.9574468085106385,8.050714285714285,3.401275740188175,0.3403426791277258,0.11458333333333333,16.571428571428573,26.040816326530614,7.758620689655173,8.47,5.81,71.14,7.6
A2 (54).txt,1,104,3.5865384615384617,0.7307692307692307,2.8,1.1,1.9399224806201552,1.5116279069767442,2.383720930232558,0.6625961538461524,3.3939779647571564,0.20054945054945056,0.05813953488372093,10.4,29.119999999999997,12.5,2.53,4.66,93.74,3.0
A2 (55).txt,1,208,4.091346153846154,0.6057692307692307,2.533333333333333,1.4666666666666666,2.125246548323471,1.7041420118343196,2.544378698224852,4.773573717948722,3.2333163367421442,0.33624031007751937,0.075,13.866666666666667,35.12888888888889,17.307692307692307,6.67,5.95,79.5,6.4
A2 (56).txt,1,120,4.066666666666666,0.7,2.3,0.9,2.2261904761904763,1.6964285714285714,2.7589285714285716,3.724,3.3512442199474317,0.3108695652173913,0.08490566037735849,12.0,27.599999999999998,4.166666666666666,5.5,5.15,84.68,4.4
A2 (57).txt,1,104,3.480769230769231,0.6826923076923077,1.75,1.4166666666666667,1.8393574297188753,1.3855421686746987,2.325301204819277,-0.7022435897435919,3.1706899407599756,0.30243445692883897,0.07228915662650602,8.666666666666666,15.166666666666666,14.423076923076922,1.48,5.32,104.13,1.1
A2 (58).txt,1,189,4.518518518518518,0.582010582010582,1.9285714285714286,0.5714285714285714,2.158220720720721,1.5810810810810811,2.7364864864864864,6.709365079365078,3.0507522309870936,0.445630081300813,0.23308270676691728,13.714285714285714,26.448979591836732,14.583333333333334,8.05,6.09,74.08,6.4
A2 (59).txt,1,132,4.5,0.696969696969697,2.090909090909091,0.6363636363636364,2.3465277777777773,1.9416666666666667,2.7583333333333333,5.765000000000001,3.403164976348077,0.2870370370370371,0.06779661016949153,12.0,25.09090909090909,4.545454545454546,7.93,6.27,76.22,5.6
A2 (6).txt,1,104,3.9326923076923075,0.7115384615384616,1.3076923076923077,0.8461538461538461,2.233739837398374,1.7926829268292683,2.6219512195121952,1.092980769230767,3.3046627551582843,0.23529411764705882,0.0759493670886076,8.0,10.461538461538462,18.269230769230766,3.92,4.85,95.27,2.4
A2 (60).txt,1,108,3.9074074074074074,0.7685185185185185,1.0909090909090908,1.1818181818181819,2.2055555555555557,1.7619047619047619,2.619047619047619,1.8829797979798002,3.5983045541787986,0.2358156028368794,0.06818181818181818,9.818181818181818,10.710743801652892,12.962962962962962,4.27,5.2,94.35,2.8
A2 (61).txt,1,201,4.0945273631840795,0.6218905472636815,1.6,1.5333333333333334,2.270987654320988,1.6666666666666667,2.9074074074074074,4.5552238805970156,3.2980751915790267,0.34399224806201545,0.08176100628930817,13.4,21.44,14.427860696517413,6.49,5.42,80.92,5.9
A2 (62).txt,1,135,4.207407407407407,0.6296296296296297,2.5714285714285716,0.7142857142857143,2.105729166666667,1.671875,2.5625,8.02974603174603,3.0885063419797523,0.21019900497512436,0.072,19.285714285714285,49.59183673469388,0.7407407407407408,7.14,5.76,77.27,7.3
A2 (63).txt,1,202,4.282178217821782,0.6683168316831684,0.7857142857142857,1.0714285714285714,2.440517241379311,2.028735632183908,2.8563218390804597,5.9533451202263095,3.5476046492532807,0.37260034904013967,0.09770114942528736,14.428571428571429,11.33673469387755,5.445544554455446,7.01,5.92,82.24,5.4
A2 (64).txt,1,110,4.627272727272727,0.7363636363636363,2.3333333333333335,0.4444444444444444,2.2554945054945055,1.945054945054945,2.5714285714285716,6.4755656565656565,3.4612628148107794,0.3719931271477663,0.07777777777777778,12.222222222222221,28.51851851851852,11.818181818181818,8.63,5.52,75.81,5.8
A2 (7).txt,1,192,4.484375,0.609375,2.3636363636363638,0.7272727272727273,2.013725490196078,1.6647058823529413,2.4058823529411764,8.418678977272727,3.2037862423294294,0.25842696629213485,0.0658682634730539,17.454545454545453,41.256198347107436,7.291666666666667,8.76,6.07,68.81,8.5
A2 (8).txt,1,125,4.136,0.744,1.5,0.6666666666666666,2.415909090909091,1.9363636363636363,2.9272727272727272,3.258893333333333,3.5922654205529123,0.3251488095238095,0.08737864077669903,10.416666666666666,15.625,10.4,5.2,5.15,85.89,4.0
A2 (9).txt,1,103,3.8640776699029127,0.7378640776699029,1.5833333333333333,1.0833333333333333,2.270562770562771,1.8311688311688312,2.688311688311688,1.061472491909388,3.4198000301500224,0.32745098039215687,0.14864864864864866,8.583333333333334,13.590277777777779,17.475728155339805,3.45,5.71,96.38,2.0
B1 (1).txt,2,284,5.052816901408451,0.6126760563380281,1.3181818181818181,0.45454545454545453,2.894002789400279,2.589958158995816,3.2510460251046025,8.823313060179256,3.460991258591725,0.6299725651577504,0.27225130890052357,12.909090909090908,17.016528925619834,14.43661971830986,11.65,7.41,66.13,7.4
B1 (10).txt,2,442,4.746606334841629,0.583710407239819,2.0,0.28,2.523503127792672,2.1018766756032172,2.9517426273458445,9.926515837104073,3.555560971891507,0.5698535745047374,0.22082018927444794,18.0,36.0,14.000000000000002,9.68,6.87,70.02,8.0
B1 (11).txt,2,179,4.871508379888268,0.7653631284916201,2.3636363636363638,0.5454545454545454,2.3566901408450702,1.8873239436619718,2.8098591549295775,9.651168105637378,3.9702338290513044,0.4621710526315789,0.16030534351145037,16.272727272727273,38.46280991735537,15.083798882681565,10.37,7.02,73.27,6.7
B1 (12).txt,2,133,4.6992481203007515,0.706766917293233,1.5555555555555556,0.6666666666666666,2.190277777777778,1.7,2.7,8.092347535505429,3.4563369778409387,0.42322834645669294,0.14414414414414414,14.777777777777779,22.987654320987655,4.511278195488721,9.39,6.38,73.27,6.7
B1 (13).txt,2,358,4.645251396648045,0.5698324022346368,2.76,0.52,2.42323717948718,1.9038461538461537,2.9775641025641026,7.729134078212294,3.350918238060734,0.4990196078431372,0.1564625850340136,14.56,40.1856,6.593406593406594,8.81,6.75,73.68,6.6
B1 (14).txt,2,200,4.72,0.64,2.75,1.1666666666666667,2.1710227272727276,1.6477272727272727,2.7045454545454546,9.13453333333333,3.3909231145907435,0.4112612612612612,0.14906832298136646,16.666666666666668,45.833333333333336,7.5,10.04,6.9,69.82,8.1
B1 (15).txt,2,151,4.410596026490066,0.6754966887417219,2.6363636363636362,1.4545454545454546,1.8505827505827501,1.4195804195804196,2.300699300699301,6.207543648404574,3.389155916259088,0.35867117117117114,0.08823529411764706,13.727272727272727,36.1900826446281,1.9867549668874174,8.0,6.75,66.23,7.4
B1 (16).txt,2,415,4.549397590361446,0.5253012048192771,3.0,1.9047619047619047,2.215942028985508,1.959079283887468,2.501278772378517,9.878615031554794,3.1666619696633544,0.4212271973466003,0.14204545454545456,19.761904761904763,59.28571428571429,3.132530120481928,9.28,6.32,68.2,8.7
B1 (17).txt,2,214,4.850467289719626,0.677570093457944,3.272727272727273,1.0909090909090908,1.795921985815603,1.574468085106383,2.026595744680851,11.142973661852167,3.6358248699914415,0.30808080808080807,0.06451612903225806,19.454545454545453,63.66942148760331,7.476635514018691,11.2,7.4,55.78,11.4
B1 (18).txt,2,149,4.308724832214765,0.6510067114093959,1.0909090909090908,1.6363636363636365,2.431623931623931,2.1367521367521367,2.7777777777777777,5.636821232458818,3.2576026287027484,0.3722627737226277,0.12295081967213115,13.545454545454545,14.77685950413223,8.053691275167784,7.3,6.5,73.27,6.7
B1 (19).txt,2,408,4.796568627450981,0.5490196078431373,1.9130434782608696,0.4782608695652174,2.4906406406406405,2.075075075075075,2.9279279279279278,10.118359974424557,3.300303546731697,0.5325144508670521,0.1972318339100346,17.91304347826087,34.26843100189036,16.019417475728158,10.04,7.43,69.41,8.2
B1 (2).txt,2,204,4.122549019607843,0.6274509803921569,1.8181818181818181,1.4545454545454546,2.288602150537634,1.896774193548387,2.703225806451613,7.350842245989302,3.3368596039806846,0.37257751937984496,0.09554140127388536,18.727272727272727,34.0495867768595,16.50485436893204,6.67,6.34,78.08,7.0
B1 (20).txt,2,209,4.114832535885167,0.583732057416268,2.727272727272727,1.6363636363636365,2.2084714548802946,1.7348066298342542,2.6906077348066297,7.450861244019137,3.1184917643048182,0.3576923076923077,0.11428571428571428,19.0,51.81818181818181,6.698564593301436,6.91,6.55,69.21,8.3
B1 (21).txt,2,151,4.271523178807947,0.7350993377483444,1.3636363636363635,0.8181818181818182,2.0755905511811026,1.6614173228346456,2.5118110236220472,5.552510535821796,3.6881990853407722,0.3618881118881119,0.1171875,13.727272727272727,18.719008264462808,5.298013245033113,7.3,6.1,74.49,6.3
B1 (22).txt,2,353,4.555240793201133,0.5750708215297451,3.15,0.5,2.62732683982684,2.1915584415584415,3.051948051948052,8.900184135977334,3.3736346049786383,0.4009625126646403,0.12286689419795221,17.75,55.9125,7.323943661971831,8.88,6.73,69.52,8.2
B1 (23).txt,2,210,3.8523809523809525,0.5761904761904761,1.1428571428571428,2.0,2.1796536796536796,1.844155844155844,2.5324675324675323,4.214714285714287,3.0809524343657793,0.3361581920903955,0.059880239520958084,15.0,17.142857142857142,15.714285714285714,4.75,5.64,88.87,4.9
B1 (24).txt,2,219,4.34703196347032,0.639269406392694,2.6,1.3333333333333333,2.2526315789473683,1.8105263157894738,2.694736842105263,6.3445205479452085,3.4450686857274433,0.31514382402707275,0.08839779005524862,14.6,37.96,10.045662100456621,8.0,6.07,81.02,5.8
B1 (25).txt,2,389,4.902313624678663,0.5552699228791774,2.4782608695652173,0.5652173913043478,2.2490847784200385,1.8815028901734103,2.658959537572254,10.159897172236501,3.31139624221487,0.4260018214936248,0.10574018126888217,17.0,42.130434782608695,6.3938618925831205,10.73,7.27,53.92,10.0
B1 (26).txt,2,280,4.003571428571429,0.5714285714285714,2.0526315789473686,1.0526315789473684,2.16610305958132,1.6135265700483092,2.7053140096618358,4.795242481203008,3.2198797732395708,0.41076696165191745,0.12437810945273632,14.736842105263158,30.249307479224377,19.28571428571429,5.85,6.13,82.04,5.4
B1 (27).txt,2,145,4.3310344827586205,0.6758620689655173,1.8888888888888888,0.5555555555555556,2.2537593984962405,1.8721804511278195,2.6766917293233083,7.02472796934866,3.363585563842871,0.45862884160756495,0.1652892561983471,16.11111111111111,30.432098765432098,2.7586206896551726,7.54,6.6,80.41,6.1
B1 (28).txt,2,439,4.703872437357631,0.5261958997722096,2.206896551724138,0.7586206896551724,2.401212121212122,1.9948051948051948,2.812987012987013,8.328687455816507,3.201638643326571,0.4698275862068966,0.15669515669515668,15.206896551724139,33.56004756242569,7.936507936507936,9.57,6.63,72.26,7.1
B1 (29).txt,2,264,4.3143939393939394,0.6022727272727273,1.2727272727272727,1.7727272727272727,2.0888888888888886,1.7164179104477613,2.5024875621890548,4.890795454545454,3.3582420734858496,0.3723175965665236,0.09905660377358491,12.0,15.272727272727273,11.742424242424242,6.95,6.21,82.44,5.3
B1 (3).txt,2,147,4.795918367346939,0.7006802721088435,1.6666666666666667,1.3333333333333333,1.9851851851851856,1.564102564102564,2.5128205128205128,9.325442176870752,3.496697662844965,0.349609375,0.06666666666666667,16.333333333333332,27.22222222222222,12.925170068027212,9.79,6.92,64.81,7.9
B1 (30).txt,2,147,4.5646258503401365,0.6870748299319728,1.7272727272727273,0.45454545454545453,2.4676724137931036,2.086206896551724,2.9051724137931036,6.751205936920222,3.428800620847975,0.6129629629629629,0.18421052631578946,13.363636363636363,23.082644628099175,8.16326530612245,8.4,6.86,74.69,6.2
B1 (31).txt,2,425,4.091764705882353,0.5552941176470588,1.92,1.36,2.3704629629629648,1.9277777777777778,2.7916666666666665,6.362211764705883,3.3606895149792058,0.48293963254593175,0.14414414414414414,17.04,32.7168,10.56338028169014,6.26,6.0,78.79,6.7
B1 (32).txt,2,274,4.069343065693431,0.5656934306569343,1.9565217391304348,1.2173913043478262,2.1434250764526,1.81651376146789,2.444954128440367,3.6931275785464948,3.175309695219529,0.3394660894660894,0.12135922330097088,11.91304347826087,23.30812854442344,15.693430656934307,6.32,6.02,78.99,6.6
B1 (33).txt,2,147,4.714285714285714,0.7551020408163265,3.2857142857142856,0.7142857142857143,2.558974358974359,2.207692307692308,2.923076923076923,11.274285714285718,3.768285830832923,0.5020094562647754,0.1652892561983471,21.0,69.0,4.081632653061225,10.04,7.26,58.62,10.3
B1 (34).txt,2,428,4.894859813084112,0.5700934579439252,3.6,1.85,2.362820512820513,1.89010989010989,2.848901098901099,12.324789719626168,3.4542664946774724,0.5266410912190964,0.21428571428571427,21.4,77.03999999999999,8.644859813084112,11.26,7.11,58.42,10.4
B1 (35).txt,2,219,4.34703196347032,0.639269406392694,2.6,1.3333333333333333,2.2526315789473683,1.8105263157894738,2.694736842105263,6.3445205479452085,3.4450686857274433,0.31514382402707275,0.08839779005524862,14.6,37.96,10.045662100456621,8.0,6.07,81.02,5.8
B1 (36).txt,2,147,4.578231292517007,0.7210884353741497,1.9,0.9,2.3161993769470404,1.925233644859813,2.7570093457943927,7.4834693877551,3.5985432258404493,0.47291666666666665,0.15384615384615385,14.7,27.929999999999996,18.367346938775512,8.63,7.13,73.27,6.7
B1 (37).txt,2,428,4.119158878504673,0.48598130841121495,3.0434782608695654,2.4782608695652173,2.1243176178660055,1.598014888337469,2.667493796526055,7.319064404713529,2.9446206184135835,0.44545088566827695,0.11290322580645161,18.695652173913043,56.89981096408318,3.7209302325581395,6.67,6.11,77.87,7.0
B1 (38).txt,2,272,4.172794117647059,0.6286764705882353,2.357142857142857,2.0714285714285716,2.155701754385964,1.7280701754385965,2.6315789473684212,7.938146008403358,3.524235857855204,0.3520408163265306,0.09375,19.428571428571427,45.795918367346935,9.926470588235293,7.96,6.51,74.12,8.5
B1 (39).txt,2,137,4.321167883211679,0.6861313868613139,1.5,1.125,2.2142857142857144,1.7232142857142858,2.767857142857143,7.4852007299270085,3.3757533359696628,0.40220385674931125,0.12037037037037036,17.125,25.6875,11.678832116788321,7.6,7.37,71.04,7.6
B1 (4).txt,2,389,4.287917737789203,0.4884318766066838,2.3333333333333335,0.8095238095238095,2.4754203758654807,2.059347181008902,2.9109792284866467,8.027997306891912,2.912802250096413,0.45403146509341197,0.15699658703071673,18.523809523809526,43.22222222222223,12.853470437017995,7.14,6.41,76.56,7.6
B1 (40).txt,2,448,4.285714285714286,0.546875,1.962962962962963,0.7037037037037037,2.337271062271063,1.9807692307692308,2.730769230769231,7.052010582010581,3.338558798976945,0.44360902255639095,0.14326647564469913,16.59259259259259,32.57064471879286,10.9375,7.25,6.09,79.6,6.4
B1 (41).txt,2,286,4.374125874125874,0.5909090909090909,3.0555555555555554,2.0555555555555554,2.1959183673469385,1.7102040816326531,2.6489795918367345,7.116577311577309,3.342176979120822,0.34744094488188976,0.1091703056768559,15.88888888888889,48.54938271604938,11.188811188811188,8.12,6.07,78.79,6.7
B1 (42).txt,2,151,4.470198675496689,0.6622516556291391,3.0,0.625,2.308333333333333,1.963235294117647,2.6838235294117645,9.062135761589403,3.3227018786853804,0.33162100456621,0.07352941176470588,18.875,56.625,3.3112582781456954,8.65,6.76,69.11,8.3
B1 (43).txt,2,439,4.7266514806378135,0.5558086560364465,2.0,0.7391304347826086,2.410675105485232,2.050632911392405,2.8075949367088606,10.419484995543229,3.3818174414358584,0.44377022653721687,0.14127423822714683,19.17391304347826,38.34782608695652,6.575963718820861,10.04,6.8,68.81,8.5
B1 (44).txt,2,272,4.408088235294118,0.6029411764705882,1.9411764705882353,2.3529411764705883,2.2914878397711007,1.9227467811158798,2.7124463519313307,7.332095588235294,3.3799688929137632,0.4472222222222222,0.15384615384615385,16.0,31.058823529411764,11.76470588235294,8.24,6.45,68.6,8.5
B1 (45).txt,2,135,4.562962962962963,0.7333333333333333,3.5,1.0,2.645645645645646,2.3603603603603602,3.0,8.499055555555557,3.5972015041881815,0.48588709677419356,0.13761467889908258,16.875,59.0625,8.148148148148149,8.93,7.11,72.56,7.0
B1 (46).txt,2,441,4.571428571428571,0.5328798185941043,3.0416666666666665,1.625,2.1028735632183913,1.706896551724138,2.5270935960591134,9.28892857142857,3.2447291286394755,0.3793443917851501,0.11936339522546419,18.375,55.890625,4.308390022675737,9.28,6.59,68.81,8.5
B1 (47).txt,2,250,4.356,0.632,3.4615384615384617,1.0,2.1154166666666665,1.755,2.51,8.702144615384611,3.4895633000889394,0.44521604938271603,0.11917098445595854,19.23076923076923,66.5680473372781,13.600000000000001,8.07,7.37,60.45,9.6
B1 (48).txt,2,129,4.007751937984496,0.6124031007751938,1.1,1.5,2.3246527777777777,1.75,2.9375,3.996511627906976,2.9761641856168377,0.39789789789789787,0.11,13.1,14.41,15.267175572519085,5.51,5.54,81.02,5.8
B1 (49).txt,2,441,4.517006802721088,0.5351473922902494,2.4545454545454546,0.6818181818181818,2.427183098591549,2.0535211267605633,2.8112676056338026,9.913283858998142,3.258536486633686,0.5155555555555555,0.19047619047619047,20.136363636363637,49.425619834710744,15.349887133182843,8.99,6.47,67.08,9.1
B1 (5).txt,2,219,4.132420091324201,0.6210045662100456,3.066666666666667,1.3333333333333333,2.453864734299516,2.0531400966183573,2.893719806763285,5.33369863013699,3.3466381518495165,0.5027131782945737,0.16847826086956522,14.6,44.77333333333333,1.82648401826484,6.2,5.66,82.14,5.4
B1 (50).txt,2,291,4.168384879725086,0.5670103092783505,2.8666666666666667,1.0666666666666667,2.3839635854341736,1.9327731092436975,2.827731092436975,8.036426116838491,3.21683278035497,0.42222222222222217,0.10869565217391304,19.666666666666668,56.37777777777778,13.559322033898304,6.96,6.17,77.06,7.4
B1 (51).txt,2,151,5.0,0.7350993377483444,2.125,0.375,2.4360902255639103,2.0676691729323307,2.819548872180451,11.557499999999997,3.6881990853407722,0.5458937198067634,0.21052631578947367,18.875,40.109375,8.609271523178808,11.89,7.61,57.71,10.7
B1 (52).txt,2,405,4.874074074074074,0.5333333333333333,2.7916666666666665,1.2916666666666667,2.045280235988201,1.7286135693215339,2.3805309734513274,9.964388888888891,3.2020731024568208,0.422554347826087,0.12883435582822086,16.875,47.109375,9.135802469135802,10.73,6.78,69.31,8.3
B1 (53).txt,2,286,4.094405594405594,0.6048951048951049,2.1176470588235294,1.2941176470588236,2.325256975036711,1.8766519823788546,2.797356828193833,6.266415055532704,3.421281759691729,0.45028490028490026,0.13592233009708737,16.823529411764707,35.62629757785467,18.181818181818183,6.44,6.46,79.8,6.3
B1 (54).txt,2,148,4.675675675675675,0.6891891891891891,3.0,0.625,2.422480620155039,2.0232558139534884,2.883720930232558,9.842432432432432,3.4440246751617547,0.4832070707070707,0.1891891891891892,18.5,55.5,10.81081081081081,10.15,7.45,69.72,8.1
B1 (55).txt,2,440,4.297727272727273,0.5068181818181818,2.55,0.85,2.3444444444444446,2.026666666666667,2.6933333333333334,9.862295454545457,3.0848881002305553,0.4080459770114943,0.12154696132596685,22.1,56.355,8.144796380090497,7.78,6.26,74.12,8.5
B1 (56).txt,2,269,4.200743494423792,0.6133828996282528,2.4,1.0666666666666667,2.401321585903083,2.013215859030837,2.7753303964757707,7.3888351920693935,3.4317002886033583,0.4393305439330544,0.1715686274509804,18.066666666666666,43.36,11.808118081180812,7.08,6.65,75.74,7.9
B1 (57).txt,2,139,4.115107913669065,0.6330935251798561,2.6666666666666665,1.1111111111111112,2.4691460055096424,2.0,2.950413223140496,5.674380495603518,3.123983497233819,0.447265625,0.1743119266055046,15.444444444444445,41.18518518518518,7.913669064748201,6.26,5.98,80.82,5.9
B1 (58).txt,2,446,4.096412556053812,0.452914798206278,2.761904761904762,2.619047619047619,2.072330888345558,1.667481662591687,2.4938875305623474,8.483150758061072,2.762924727148101,0.32544677544677547,0.12010443864229765,21.238095238095237,58.657596371882086,3.811659192825112,6.85,5.75,75.34,8.0
B1 (59).txt,2,283,4.381625441696113,0.5795053003533569,3.0714285714285716,2.4285714285714284,2.338888888888888,1.7843137254901962,2.9098039215686273,9.31459868753155,3.2715664000476714,0.37641509433962267,0.1228813559322034,20.214285714285715,62.08673469387756,6.36042402826855,8.47,6.32,67.99,8.8
B1 (6).txt,2,146,4.431506849315069,0.7123287671232876,1.5,2.0,2.0525,1.775,2.325,8.567397260273975,3.5499663606689515,0.3816793893129771,0.12931034482758622,18.25,27.375,10.273972602739725,8.41,6.37,69.62,8.1
B1 (60).txt,2,136,4.639705882352941,0.6838235294117647,2.875,1.625,2.4285714285714284,1.9603174603174602,2.9444444444444446,8.923014705882352,3.359389002745977,0.4497354497354497,0.125,17.0,48.875,7.352941176470589,9.34,6.45,71.14,7.6
B1 (7).txt,2,394,4.520304568527918,0.5228426395939086,2.0588235294117645,0.5882352941176471,2.1532225579053383,1.8277945619335347,2.5196374622356497,11.507693341295905,3.1246910845567877,0.4337068160597572,0.10869565217391304,23.294117647058822,47.95847750865051,9.848484848484848,9.17,7.2,64.24,10.2
B1 (8).txt,2,207,3.888888888888889,0.5845410628019324,3.4615384615384617,1.3846153846153846,2.038172043010753,1.5268817204301075,2.575268817204301,4.84820512820513,3.1171931110391773,0.3303418803418804,0.09550561797752809,15.923076923076923,55.11834319526628,5.797101449275362,5.04,5.34,80.31,6.1
B1 (9).txt,2,152,4.315789473684211,0.6776315789473685,2.4444444444444446,0.8888888888888888,2.273385012919897,1.7751937984496124,2.7829457364341086,7.341812865497076,3.4043400897839904,0.40527577937649883,0.10317460317460317,16.88888888888889,41.283950617283956,8.552631578947368,7.31,5.92,79.6,6.4
B2 (1).txt,3,699,4.236051502145923,0.5050071530758226,2.6153846153846154,1.358974358974359,2.3135888501742157,1.9442508710801394,2.6794425087108014,7.483341036645761,3.3076204749764444,0.47278056951423786,0.166015625,17.923076923076923,46.875739644970416,14.592274678111588,7.61,7.06,72.09,9.3
B2 (10).txt,3,611,4.3355155482815055,0.5270049099836334,2.108108108108108,1.3783783783783783,2.3339960238568587,1.89662027833002,2.8031809145129225,7.24703498916265,3.380787595504507,0.3535781544256121,0.08811475409836066,16.513513513513512,34.81227173119064,13.093289689034371,7.95,6.25,75.34,8.0
B2 (11).txt,3,617,4.306320907617504,0.520259319286872,3.48,2.12,2.306862745098039,1.8860294117647058,2.75,11.192771474878448,3.3425979848843266,0.5569098457888493,0.2324561403508772,24.68,85.8864,8.914100486223662,8.19,7.41,66.61,11.4
B2 (12).txt,3,666,4.252252252252252,0.4894894894894895,2.1219512195121952,0.9024390243902439,2.3791187739463595,2.099616858237548,2.685823754789272,6.720059327620302,3.182312961856107,0.4702271332105586,0.14556962025316456,16.24390243902439,34.468768590124924,18.46846846846847,7.6,6.77,69.11,8.3
B2 (13).txt,3,574,4.487804878048781,0.5087108013937283,2.066666666666667,1.8666666666666667,2.3860237596086655,2.0251572327044025,2.7631027253668763,9.274227642276426,3.231651191159083,0.5012919896640826,0.17539863325740318,19.133333333333333,39.54222222222222,10.104529616724738,8.99,6.95,67.69,8.9
B2 (14).txt,3,537,4.335195530726257,0.5139664804469274,2.5135135135135136,1.2702702702702702,2.253727144866385,1.7679324894514767,2.759493670886076,6.245527706477429,3.2307923167308132,0.4611919611919612,0.18765432098765433,14.513513513513514,36.47991234477721,10.42830540037244,8.01,6.65,67.18,9.1
B2 (15).txt,3,666,4.6441441441441444,0.5465465465465466,2.5277777777777777,1.4444444444444444,2.483812088569718,2.0412926391382404,2.9461400359066428,9.693918918918921,3.5532574175325853,0.5364133563615429,0.17682926829268292,18.5,46.763888888888886,13.063063063063062,9.63,7.34,66.88,9.2
B2 (16).txt,3,532,4.422932330827067,0.5206766917293233,1.4666666666666666,1.3333333333333333,2.5193258426966296,2.1280898876404493,2.9415730337078654,8.268677944862155,3.2681019671948035,0.5367084203201115,0.19451371571072318,17.733333333333334,26.008888888888887,9.962406015037594,8.06,6.68,78.79,6.7
B2 (17).txt,3,706,4.137393767705382,0.4660056657223796,2.6904761904761907,1.5476190476190477,2.235664939550949,1.8117443868739205,2.694300518134715,6.461886550654256,3.0568178656307037,0.43070321151716495,0.11895910780669144,16.80952380952381,45.225623582766445,14.730878186968837,7.2,6.25,68.6,8.5
B2 (18).txt,3,698,4.286532951289399,0.505730659025788,4.428571428571429,2.5,2.310345804988662,1.8979591836734695,2.7261904761904763,11.259570200573066,3.3116351622852687,0.4557839912280702,0.16698656429942418,25.0,110.71428571428572,13.142857142857142,8.25,7.36,61.23,13.4
B2 (19).txt,3,563,4.891651865008881,0.5577264653641207,2.6129032258064515,0.8387096774193549,2.324395161290323,1.8790322580645162,2.7903225806451615,10.690325445482152,3.5322376611649426,0.5264857881136952,0.18077803203661327,18.161290322580644,47.45369406867846,8.348134991119005,10.97,7.42,61.46,9.2
B2 (2).txt,3,553,4.482820976491863,0.5515370705244123,1.6363636363636365,1.4545454545454546,2.3688070175438605,1.9389473684210525,2.8105263157894735,8.062874678064553,3.4831540514725354,0.497,0.19047619047619047,16.757575757575758,27.42148760330579,9.584086799276673,8.64,6.69,70.84,7.7
B2 (20).txt,3,563,4.891651865008881,0.5577264653641207,2.6129032258064515,0.8387096774193549,2.324395161290323,1.8790322580645162,2.7903225806451615,10.690325445482152,3.5322376611649426,0.5264857881136952,0.18077803203661327,18.161290322580644,47.45369406867846,8.348134991119005,10.97,7.42,61.46,9.2
B2 (21).txt,3,599,4.098497495826377,0.5025041736227045,2.7419354838709675,1.1935483870967742,2.1944125159642414,1.7528735632183907,2.6628352490421454,7.535213527922885,3.2136456444620203,0.4892031630170316,0.20175438596491227,19.322580645161292,52.98126951092612,8.514190317195327,6.73,6.47,76.66,7.5
B2 (22).txt,3,536,4.669776119402985,0.5149253731343284,2.28125,1.28125,2.378102453102454,1.9913419913419914,2.7857142857142856,9.002145522388059,3.2358601277155623,0.5952134986225895,0.2442159383033419,16.875,38.49609375,10.37037037037037,9.63,7.13,70.13,8.0
B2 (23).txt,3,729,4.227709190672154,0.4567901234567901,1.9047619047619047,1.5,2.24811475409836,1.9131147540983606,2.6180327868852458,7.16108171663727,3.011011457831115,0.4267638036809816,0.12607944732297063,17.357142857142858,33.06122448979592,10.562414266117969,7.13,5.98,79.4,6.5
B2 (24).txt,3,561,4.233511586452763,0.5008912655971479,2.6666666666666665,2.1481481481481484,2.299254742547427,1.806910569105691,2.8069105691056913,8.8987284610814,3.1705019152439884,0.47747747747747754,0.17727272727272728,20.77777777777778,55.407407407407405,7.66488413547237,7.61,6.79,69.65,10.2
B2 (25).txt,3,561,4.233511586452763,0.5008912655971479,2.6666666666666665,2.1481481481481484,2.299254742547427,1.806910569105691,2.8069105691056913,8.8987284610814,3.1705019152439884,0.47747747747747754,0.17727272727272728,20.77777777777778,55.407407407407405,7.66488413547237,7.61,6.79,69.65,10.2
B2 (26).txt,3,657,4.331811263318112,0.5159817351598174,2.3548387096774195,1.3548387096774193,2.3496138996139,1.944015444015444,2.7355212355212357,9.569605243776696,3.347526457026306,0.455916813122437,0.138,21.193548387096776,49.907388137356925,13.39421613394216,8.07,6.81,75.54,7.9
B2 (27).txt,3,638,4.385579937304075,0.5235109717868338,1.9574468085106382,1.702127659574468,2.201628352490422,1.8371647509578544,2.578544061302682,6.0133155472553845,3.381010950841943,0.36576576576576575,0.1144578313253012,13.574468085106384,26.571299230421005,13.009404388714735,8.06,6.21,78.59,6.8
B2 (28).txt,3,638,4.70846394984326,0.5689655172413793,2.1666666666666665,0.9285714285714286,2.2718829516539447,1.8511450381679388,2.7213740458015265,8.389722346618896,3.67457178190307,0.5318478906714201,0.20386266094420602,15.285714285714286,33.11904761904762,12.616822429906541,9.63,7.32,70.02,8.0
B2 (29).txt,3,638,4.70846394984326,0.5689655172413793,2.1666666666666665,0.9285714285714286,2.2718829516539447,1.8511450381679388,2.7213740458015265,8.389722346618896,3.67457178190307,0.5318478906714201,0.20386266094420602,15.285714285714286,33.11904761904762,12.616822429906541,9.63,7.32,70.02,8.0
B2 (3).txt,3,595,4.552941176470588,0.5277310924369748,3.4,1.0666666666666667,2.105756997455471,1.6717557251908397,2.553435114503817,9.931019607843133,3.3714424896492905,0.5227695167286245,0.20089285714285715,19.833333333333332,67.43333333333332,9.57983193277311,9.23,7.35,65.96,9.5
B2 (30).txt,3,653,3.885145482388974,0.4563552833078101,2.119047619047619,2.4047619047619047,2.0460131894484417,1.6762589928057554,2.460431654676259,4.642844745861595,2.957901967112368,0.2975988700564972,0.09259259259259259,15.547619047619047,32.94614512471655,9.647779479326186,5.28,5.52,80.92,5.9
B2 (31).txt,3,616,4.175324675324675,0.4935064935064935,2.588235294117647,1.2352941176470589,2.285553410553411,1.88996138996139,2.666023166023166,7.294602750190986,3.169914085899659,0.5160256410256411,0.2079646017699115,18.11764705882353,46.892733564013845,11.363636363636363,7.43,6.75,71.68,9.4
B2 (32).txt,3,669,4.736920777279522,0.5022421524663677,4.225806451612903,1.935483870967742,2.259373219373219,1.87008547008547,2.652991452991453,11.671219441631713,3.267478989840187,0.5093509350935093,0.1952662721893491,21.580645161290324,91.19562955254943,9.417040358744394,10.44,7.31,58.11,10.5
B2 (33).txt,3,669,4.736920777279522,0.5022421524663677,4.225806451612903,1.935483870967742,2.259373219373219,1.87008547008547,2.652991452991453,11.671219441631713,3.267478989840187,0.5093509350935093,0.1952662721893491,21.580645161290324,91.19562955254943,9.417040358744394,10.44,7.31,58.11,10.5
B2 (34).txt,3,582,4.22680412371134,0.48109965635738833,2.727272727272727,0.9393939393939394,2.3689095928226367,1.8985507246376812,2.824016563146998,7.296429240862231,3.062906744613063,0.3607823800131493,0.12666666666666668,17.636363636363637,48.099173553719005,12.886597938144329,7.32,6.02,73.31,8.8
B2 (35).txt,3,670,4.08955223880597,0.48059701492537316,2.575,1.0,2.2047394852479596,1.7325800376647835,2.7156308851224105,6.206791044776118,3.1273782438626476,0.476065382370111,0.15353535353535352,16.75,43.13125,14.776119402985074,6.67,6.4,77.87,7.0
B2 (36).txt,3,670,4.08955223880597,0.48059701492537316,2.575,1.0,2.2047394852479596,1.7325800376647835,2.7156308851224105,6.206791044776118,3.1273782438626476,0.476065382370111,0.15353535353535352,16.75,43.13125,14.776119402985074,6.67,6.4,77.87,7.0
B2 (37).txt,3,493,4.975659229208925,0.5354969574036511,3.04,0.8,2.635708898944193,2.2194570135746607,3.063348416289593,12.065354969574038,3.3203537970532864,0.6433038999264163,0.2869318181818182,20.12,61.16480000000001,9.940357852882704,11.49,7.45,59.84,9.8
B2 (38).txt,3,484,4.386363636363637,0.5247933884297521,3.2142857142857144,1.8928571428571428,2.0740310077519384,1.6232558139534883,2.5395348837209304,8.015487012987016,3.2443172857562494,0.5087004405286344,0.2074468085106383,17.571428571428573,56.4795918367347,7.723577235772358,8.01,7.08,69.92,8.0
B2 (39).txt,3,566,4.722614840989399,0.5229681978798587,1.90625,0.53125,2.6188206214689274,2.2542372881355934,3.0233050847457625,9.688515901060068,3.3148831221698627,0.5114583333333332,0.19106699751861042,17.75,33.8359375,15.492957746478872,10.04,6.72,69.52,8.2
B2 (4).txt,3,644,4.211180124223603,0.5031055900621118,1.4307692307692308,1.0923076923076922,2.398843930635838,2.0077071290944124,2.7842003853564545,3.373889154323937,3.2539353839406995,0.4015290519877676,0.12139917695473251,9.938461538461539,14.219644970414201,15.634674922600619,6.89,5.84,82.44,5.3
B2 (40).txt,3,734,4.023160762942779,0.44959128065395093,3.1875,1.3125,2.1644188596491216,1.7532894736842106,2.59375,5.164920526793821,2.9666321245814578,0.46116504854368934,0.17714285714285713,15.291666666666666,48.7421875,15.803814713896458,5.85,6.23,72.97,6.9
B2 (41).txt,3,674,4.553412462908012,0.5222551928783383,2.857142857142857,1.1714285714285715,2.3112136465324378,1.8976510067114094,2.73993288590604,9.645144128868168,3.401568247835508,0.5376274825550188,0.22485207100591717,19.257142857142856,55.0204081632653,7.863501483679524,9.11,7.28,68.81,8.5
B2 (42).txt,3,642,4.369158878504673,0.5202492211838006,1.7692307692307692,1.3333333333333333,2.5135474006116203,2.148623853211009,2.891743119266055,7.507712676731373,3.363197030268609,0.5114202898550726,0.1710794297352342,16.71794871794872,29.577909270216963,11.809815950920246,7.95,6.41,76.86,7.4
B2 (43).txt,3,633,4.666666666666667,0.5339652448657188,3.085714285714286,0.8571428571428571,2.391559633027523,1.9706422018348624,2.8642201834862386,9.621428571428574,3.4443270184592913,0.5741220495106506,0.2112970711297071,18.142857142857142,55.98367346938775,8.818897637795276,9.86,7.4,69.52,8.2
B2 (44).txt,3,760,4.2973684210526315,0.4618421052631579,2.6818181818181817,1.0454545454545454,2.1790053763440858,1.788709677419355,2.587096774193548,7.446968899521533,3.0635457501071213,0.5052483358934972,0.19889502762430938,17.272727272727273,46.32231404958677,14.342105263157896,8.01,6.73,67.59,8.9
B2 (45).txt,3,473,4.773784355179704,0.5539112050739958,2.9285714285714284,0.6785714285714286,2.3991822429906544,1.9766355140186915,2.8341121495327104,9.500952884324981,3.411591948805257,0.5846471471471473,0.23333333333333334,16.892857142857142,49.471938775510196,6.13107822410148,10.03,7.4,71.14,7.6
B2 (46).txt,3,632,4.443037974683544,0.5316455696202531,2.1041666666666665,1.1041666666666667,2.403809523809524,1.8647619047619048,2.9504761904761905,6.225875527426162,3.4285234753692153,0.4868705035971223,0.18550106609808104,13.458333333333334,28.31857638888889,13.93188854489164,8.41,6.63,77.16,7.3
B2 (47).txt,3,575,4.415652173913044,0.6,1.7894736842105263,0.9473684210526315,2.5329802259887,2.1822033898305087,2.9046610169491527,6.959827002288328,3.81262202447841,0.5117107942973523,0.18028846153846154,15.18421052631579,27.17174515235457,14.904679376083187,8.12,7.0,70.94,7.6
B2 (48).txt,3,633,3.876777251184834,0.4154818325434439,3.4615384615384617,1.0769230769230769,2.4239923224568134,1.982725527831094,2.8771593090211134,4.945005468465183,2.6800532717597445,0.4867117117117118,0.17995444191343962,16.23076923076923,56.18343195266272,18.167456556082147,5.33,5.69,80.41,6.1
B2 (49).txt,3,478,4.51673640167364,0.5711297071129707,2.8636363636363638,1.0,2.5565390749601273,2.200956937799043,2.923444976076555,10.70746481551921,3.523647970648886,0.5296934865900383,0.20498614958448755,21.727272727272727,62.21900826446281,8.99581589958159,9.17,7.37,69.15,10.4
B2 (5).txt,3,609,4.523809523809524,0.5155993431855501,1.95,0.8,2.3742,1.942,2.83,7.502142857142857,3.3059292874563346,0.41610800744878956,0.13291139240506328,15.25,29.7375,11.967213114754099,8.7,6.88,72.16,7.2
B2 (50).txt,3,665,5.213533834586467,0.518796992481203,3.3214285714285716,0.75,2.1875275938189844,1.7665562913907285,2.6059602649006623,15.07217293233083,3.372069968460556,0.6190286624203821,0.25851703406813625,23.892857142857142,79.35841836734694,6.128550074738415,13.23,8.16,47.32,12.6
B2 (51).txt,3,513,4.625730994152047,0.5341130604288499,3.193548387096774,1.3870967741935485,2.3212121212121213,1.8658008658008658,2.779220779220779,8.631386530843237,3.3330128295843875,0.5697594501718213,0.22474747474747475,16.548387096774192,52.84807492195629,5.458089668615984,9.45,7.12,71.75,7.3
B2 (52).txt,3,634,4.670347003154574,0.5141955835962145,2.484848484848485,1.3636363636363635,2.497109144542772,2.049557522123894,2.95929203539823,10.173394990918649,3.317615077518195,0.5557543231961836,0.20474137931034483,19.21212121212121,47.73921028466483,11.829652996845425,9.86,7.3,65.96,9.5
B2 (53).txt,3,519,4.533718689788054,0.5491329479768786,3.0689655172413794,1.5172413793103448,2.2597802197802204,1.9186813186813187,2.5912087912087913,8.872090890970696,3.433126409830979,0.4872076023391813,0.193717277486911,17.896551724137932,54.92390011890607,12.138728323699421,9.41,7.11,61.8,11.1
B2 (54).txt,3,601,4.5790349417637275,0.5008319467554077,4.133333333333334,1.1,2.354347826086956,1.9111531190926276,2.8109640831758034,10.22058790904049,3.2046207575625583,0.5862385321100917,0.26157407407407407,20.166666666666668,83.35555555555557,9.917355371900827,10.17,7.62,59.16,12.2
B2 (55).txt,3,511,4.346379647749511,0.5146771037181996,2.4722222222222223,1.1944444444444444,2.2454074074074075,1.7533333333333334,2.7555555555555555,6.138670363122419,3.209716638402298,0.45587162654996355,0.18393782383419688,14.194444444444445,35.09182098765432,10.567514677103718,8.25,6.9,61.9,11.1
B2 (56).txt,3,623,4.500802568218298,0.49759229534510435,1.975609756097561,1.5853658536585367,2.2180711610486887,1.7827715355805243,2.6647940074906367,7.36634107191794,3.2017807717882993,0.5115615615615616,0.18843683083511778,15.195121951219512,30.019631171921475,10.914927768860354,9.05,7.05,61.26,9.3
B2 (57).txt,3,495,4.3373737373737375,0.501010101010101,2.586206896551724,1.3103448275862069,2.2548883756735956,1.8290993071593533,2.674364896073903,7.533513061650993,3.108546111347546,0.468659420289855,0.13861386138613863,17.06896551724138,44.14387633769323,7.07070707070707,8.12,6.43,69.82,8.1
B2 (58).txt,3,585,4.4512820512820515,0.5111111111111111,2.6333333333333333,1.3,2.2313861386138623,1.7663366336633664,2.7445544554455448,9.402205128205129,3.2566016108073934,0.4523139462163852,0.1561822125813449,19.733333333333334,51.964444444444446,9.966216216216216,8.53,6.81,66.37,9.4
B2 (59).txt,3,544,4.34375,0.4889705882352941,2.323529411764706,1.8823529411764706,2.0446800595238104,1.6875,2.4330357142857144,7.058474264705879,3.080000918499413,0.35770279481935924,0.09887640449438202,16.058823529411764,37.313148788927336,10.43956043956044,7.77,6.05,71.75,7.3
B2 (6).txt,3,703,4.052631578947368,0.4665718349928876,2.775,1.225,2.283858485351022,1.8109452736318408,2.7844112769485903,6.545394736842102,3.058544894045374,0.4696601941747573,0.17490494296577946,17.775,49.325624999999995,13.080168776371309,6.79,6.2,77.77,7.1
B2 (60).txt,3,692,4.372832369942197,0.45664739884393063,2.642857142857143,0.6904761904761905,2.157624113475177,1.7659574468085106,2.5797872340425534,7.4041357005229855,2.986284916149109,0.4001131861912847,0.1326923076923077,16.476190476190474,43.54421768707483,14.884393063583815,8.01,6.56,66.47,9.4
B2 (61).txt,3,524,4.375954198473282,0.48282442748091603,3.689655172413793,2.0344827586206895,2.177600849256901,1.7303609341825903,2.6199575371549892,8.215227033429851,3.0232011376588237,0.49308300395256915,0.21634615384615385,18.06896551724138,66.66825208085613,3.435114503816794,7.89,6.85,70.02,8.0
B2 (62).txt,3,660,4.1878787878787875,0.4818181818181818,2.5609756097560976,1.7560975609756098,2.2287170263788965,1.7733812949640289,2.676258992805755,6.392470066518847,3.128079193237136,0.4693965517241379,0.18126272912423624,16.195121951219512,41.47531231409875,12.650602409638553,7.31,6.72,66.67,9.3
B2 (63).txt,3,621,4.181964573268921,0.4863123993558776,2.5428571428571427,1.2285714285714286,2.287412364563417,1.9005736137667304,2.661567877629063,7.138481711525188,3.1276360495071023,0.515577737447066,0.20833333333333334,17.742857142857144,45.117551020408165,11.272141706924316,7.38,6.66,73.41,8.8
B2 (64).txt,3,651,3.97542242703533,0.47619047619047616,2.5813953488372094,1.8372093023255813,2.2014357053682896,1.801498127340824,2.593632958801498,4.88726288715036,3.08500459152789,0.35843731431966724,0.12877263581488935,15.186046511627907,39.20118983234181,14.088820826952528,5.68,5.73,80.31,6.1
B2 (65).txt,3,452,4.884955752212389,0.588495575221239,2.652173913043478,0.6956521739130435,2.5147083333333335,2.155,2.87,11.404228549442088,3.5978749111402073,0.5948275862068966,0.2155688622754491,19.652173913043477,52.12098298676748,10.176991150442479,11.26,7.81,59.13,10.1
B2 (66).txt,3,641,4.095163806552262,0.4414976599063963,2.3666666666666667,2.3333333333333335,2.45327868852459,2.0309653916211294,2.830601092896175,8.541554862194488,2.853412381136583,0.4857826576576577,0.16535433070866143,21.366666666666667,50.56777777777778,7.644305772230889,7.21,6.39,75.58,10.0
B2 (67).txt,3,583,4.234991423670669,0.48198970840480276,2.757575757575758,0.9393939393939394,2.379511019283747,1.9070247933884297,2.8367768595041323,7.350142938822188,3.069400685016275,0.355718954248366,0.12334801762114538,17.666666666666668,48.71717171717172,12.521440823327614,7.32,6.06,72.29,9.2
B2 (68).txt,3,684,4.641812865497076,0.5409356725146199,2.8055555555555554,1.5833333333333333,2.3489348370927328,1.900375939849624,2.793233082706767,9.932938596491226,3.5312053063162923,0.5403645833333334,0.21263157894736842,19.0,53.30555555555555,15.789473684210526,9.75,7.29,57.91,10.6
B2 (69).txt,3,639,4.608763693270736,0.5305164319248826,2.8333333333333335,1.25,2.2724157955865265,1.8606271777003485,2.6898954703832754,9.291165884194054,3.4270854617120254,0.5836106489184693,0.27061310782241016,18.02777777777778,51.07870370370371,7.395993836671804,9.52,7.3,61.36,9.2
B2 (7).txt,3,663,3.8733031674208145,0.45098039215686275,2.0,1.553191489361702,2.2286764705882356,1.8235294117647058,2.65625,3.8664494079137377,2.9299181328289183,0.36749571183533447,0.11047619047619048,14.106382978723405,28.21276595744681,12.066365007541478,5.22,5.83,86.94,5.6
B2 (70).txt,3,585,4.4683760683760685,0.5128205128205128,1.9487179487179487,1.0,2.338138440860215,1.8991935483870968,2.8225806451612905,7.14169230769231,3.2674932549906957,0.485330836454432,0.19463087248322147,15.051282051282051,29.330703484549637,9.028960817717206,8.35,6.6,72.26,7.1
B2 (71).txt,3,734,4.313351498637602,0.5395095367847411,2.1041666666666665,1.3333333333333333,2.2870521172638436,1.9543973941368078,2.6270358306188926,6.531718891916437,3.559958549497749,0.4126857749469214,0.13153153153153152,15.291666666666666,32.17621527777777,14.441416893732969,7.78,7.15,68.5,8.6
B2 (8).txt,3,617,4.431118314424635,0.49432739059967584,3.9411764705882355,1.8823529411764706,2.025162818235643,1.641207815275311,2.422735346358792,8.52880255505768,3.175988739531837,0.3893242475865985,0.13320463320463322,18.176470588235293,71.63667820069205,5.016181229773463,8.47,6.66,69.41,8.2
B2 (9).txt,3,586,4.438566552901024,0.5477815699658704,1.8780487804878048,1.1219512195121952,2.482511978097193,2.0924024640657084,2.8870636550308006,6.621989927578461,3.4911871202290463,0.4600868403473614,0.1340909090909091,14.292682926829269,26.842355740630577,14.846416382252558,8.35,6.96,72.36,7.1
C1 (1).txt,4,558,4.700716845878136,0.6164874551971327,1.9333333333333333,0.9666666666666667,2.4272988505747137,2.0452586206896552,2.8448275862068964,10.07704301075269,3.898887962471633,0.49186550976138826,0.18508997429305912,18.733333333333334,36.21777777777778,17.97153024911032,9.92,7.86,59.53,9.9
C1 (10).txt,4,587,4.7989778534923335,0.5996592844974447,2.8620689655172415,0.8275862068965517,2.515114709851551,2.0728744939271255,2.9433198380566803,11.34559948305234,3.8228428221115673,0.6240079365079365,0.289002557544757,20.344827586206897,58.22829964328181,14.576271186440678,10.8,7.89,64.14,10.3
C1 (11).txt,4,911,4.873765093304061,0.4862788144895719,3.3255813953488373,0.9534883720930233,2.588646741386466,2.2254047322540473,2.9726027397260273,12.164968473183059,3.313767841367905,0.6154630762953897,0.24542682926829268,21.27906976744186,70.76527852893456,10.710382513661203,11.32,7.43,55.98,11.3
C1 (12).txt,4,844,4.087677725118484,0.42890995260663506,3.061224489795918,1.6734693877551021,2.1691304347826077,1.7608695652173914,2.6028985507246376,6.435206983267243,2.8900606671134317,0.3985307621671258,0.12732919254658384,17.224489795918366,52.7280299875052,13.981042654028435,6.2,6.36,78.99,6.6
C1 (13).txt,4,560,4.4089285714285715,0.5267857142857143,2.676470588235294,1.0588235294117647,2.199164768413061,1.8405466970387243,2.5945330296127564,7.57134768907563,3.3334666985716295,0.41947368421052633,0.13908872901678657,16.470588235294116,44.08304498269896,15.178571428571427,8.24,7.1,60.35,9.6
C1 (14).txt,4,526,4.85361216730038,0.5285171102661597,2.6,1.36,2.5006993006993024,2.1818181818181817,2.8275058275058274,12.07051330798479,3.3113188919032,0.5653256704980842,0.1917808219178082,21.28,55.328,18.23308270676692,11.09,7.2,65.15,9.9
C1 (15).txt,4,618,5.132686084142395,0.6343042071197411,2.259259259259259,0.6666666666666666,2.64399701715138,2.257270693512304,3.062639821029083,14.356062567421795,4.076348665571868,0.5923473142016189,0.23097826086956522,23.22222222222222,52.46502057613168,27.751196172248804,12.47,8.46,51.89,10.8
C1 (16).txt,4,839,4.585220500595947,0.5613825983313468,2.5405405405405403,0.8648648648648649,2.587604320078546,2.247422680412371,2.948453608247423,11.531253422671774,3.779345938910672,0.42720588235294116,0.12582781456953643,22.72972972972973,57.74579985390796,19.14387633769322,9.58,7.25,65.35,9.8
C1 (17).txt,4,837,4.3990442054958185,0.5221027479091995,3.1219512195121952,1.3170731707317074,2.4071428571428566,1.983026874115983,2.8415841584158414,9.521205524958475,3.51365964014803,0.5065068493150685,0.19281045751633988,20.463414634146343,63.88578227245688,12.99165673420739,8.24,7.24,67.08,9.1
C1 (18).txt,4,829,4.435464414957781,0.4583835946924005,3.0625,1.9791666666666667,2.1705755395683455,1.7194244604316546,2.618705035971223,8.106870727784482,3.0804386718352377,0.43169845594913714,0.13798449612403102,17.291666666666668,52.95572916666667,11.566265060240964,8.94,7.08,65.05,9.9
C1 (19).txt,4,1284,4.155763239875389,0.40420560747663553,2.923076923076923,0.9743589743589743,2.17050705070507,1.7425742574257426,2.6003600360036003,6.374414090582313,2.8931968195683035,0.4158554572271387,0.1483739837398374,16.46153846153846,48.11834319526626,11.993769470404985,6.67,6.38,70.84,7.7
C1 (2).txt,4,484,4.838842975206612,0.5640495867768595,2.40625,1.125,2.23978494623656,1.8833746898263026,2.607940446650124,8.923450413223144,3.487002437052976,0.5373701039168665,0.20869565217391303,15.125,36.39453125,13.842975206611571,10.97,7.75,56.08,11.3
C1 (20).txt,4,645,4.937984496124031,0.6031007751937985,3.0384615384615383,1.6153846153846154,2.4323110285006195,2.117100371747212,2.7713754646840147,14.231753130590342,3.9016098809822566,0.5265222849968613,0.21232876712328766,24.807692307692307,75.37721893491124,17.674418604651162,12.14,9.07,38.59,15.9
C1 (21).txt,4,946,4.8604651162790695,0.48625792811839325,2.851063829787234,1.1914893617021276,2.3508824709185707,1.9362214199759327,2.793020457280385,11.590450272142505,3.3319572745918222,0.5657630522088353,0.23880597014925373,20.25531914893617,57.749207786328654,12.815126050420167,11.2,7.46,59.53,9.9
C1 (22).txt,4,761,4.658344283837057,0.5019710906701709,1.6981132075471699,0.4716981132075472,2.5435483870967737,2.1152073732718892,3.021505376344086,7.699480822155557,3.3303941428425285,0.5964285714285715,0.21851851851851853,14.377358490566039,24.41438234247063,13.648293963254593,9.04,7.41,73.37,6.7
C1 (23).txt,4,629,5.21462639109698,0.5246422893481717,2.375,0.5625,2.4849132589838914,2.1728624535315983,2.8271375464684017,13.005890302066774,3.3808637753754303,0.6668198529411765,0.26218097447795824,19.75,46.90625,13.924050632911392,12.94,8.11,42.21,12.5
C1 (24).txt,4,817,4.02203182374541,0.48592411260709917,2.843137254901961,1.196078431372549,2.2268504719324387,1.8002980625931446,2.669150521609538,5.55298557611539,3.2584317266333187,0.43536821705426354,0.17406143344709898,16.07843137254902,45.71318723567859,16.097560975609756,5.91,6.22,80.41,6.1
C1 (25).txt,4,815,4.175460122699387,0.4368098159509202,1.75,1.4285714285714286,2.3661395582329314,2.0256024096385543,2.7213855421686746,5.539988606485544,2.9280183660291375,0.5484218077474893,0.189419795221843,14.607142857142858,25.5625,14.792176039119804,6.43,6.15,81.73,5.6
C1 (26).txt,4,774,4.877260981912145,0.48578811369509045,2.9210526315789473,0.8157894736842105,2.4287347560975596,1.9893292682926829,2.903963414634146,11.726109751121996,3.2312545535784722,0.5992002063983489,0.21428571428571427,20.36842105263158,59.4972299168975,16.5374677002584,11.14,7.75,58.42,10.4
C1 (27).txt,4,920,5.055434782608696,0.4891304347826087,2.694915254237288,0.7796610169491526,2.4031986531986513,2.053030303030303,2.7916666666666665,10.245504605747975,3.338008860347162,0.6638040712468194,0.2739059967585089,15.728813559322035,42.387819592071246,15.301724137931034,11.71,7.46,53.1,10.3
C1 (28).txt,4,518,4.8494208494208495,0.6293436293436293,2.6956521739130435,0.782608695652174,2.7105672105672114,2.2564102564102564,3.167832167832168,12.671641765989591,3.9333821022714117,0.6259920634920634,0.24260355029585798,22.52173913043478,60.71077504725898,18.91891891891892,11.44,8.9,48.98,14.0
C1 (29).txt,4,703,4.765291607396871,0.5391180654338549,1.868421052631579,0.8421052631578947,2.5190763052208824,2.153184165232358,2.8950086058519795,10.290839260312946,3.5341113257414536,0.5562146892655367,0.18,18.55263157894737,34.66412742382272,16.312056737588655,10.39,7.05,68.5,8.6
C1 (3).txt,4,910,4.174725274725275,0.42637362637362636,3.027027027027027,1.945945945945946,2.191750418760467,1.7889447236180904,2.6331658291457285,10.530253341253342,2.905073081989261,0.40291461412151064,0.13725490196078433,24.594594594594593,74.44850255661066,10.76923076923077,7.32,6.38,70.97,9.7
C1 (30).txt,4,648,4.637345679012346,0.5077160493827161,3.176470588235294,2.0,2.3887725421756834,2.006980802792321,2.7870855148342057,9.941309912854031,3.2868982084874974,0.508435136707388,0.17177914110429449,19.058823529411764,60.53979238754325,11.574074074074074,9.75,7.26,60.65,9.5
C1 (31).txt,4,940,4.708510638297873,0.4563829787234043,3.0980392156862746,0.9411764705882353,2.353056853582553,1.8352803738317758,2.8481308411214954,9.982379224030037,3.1243430494556144,0.5474961773700305,0.20608575380359612,18.470588235294116,57.22260668973471,7.43099787685775,9.98,7.06,59.64,9.9
C1 (32).txt,4,561,4.96969696969697,0.5900178253119429,2.96,1.52,2.386602700781806,2.0191897654584223,2.808102345415778,13.197272727272725,3.734648163508043,0.5538085255066387,0.19548872180451127,22.44,66.4224,14.973262032085561,11.78,8.83,48.64,12.1
C1 (33).txt,4,1011,4.621167161226508,0.5113748763600395,2.0535714285714284,1.9107142857142858,2.378577388402168,2.018773466833542,2.7709637046307884,9.362483043662571,3.5380469121993903,0.5647993643226064,0.22481751824817517,18.053571428571427,37.07429846938775,17.012858555885263,9.57,7.72,60.14,9.7
C1 (34).txt,4,688,4.626453488372093,0.5537790697674418,2.108108108108108,1.4324324324324325,2.3041224970553595,1.9187279151943464,2.7208480565371023,9.657893227529854,3.6182755047276216,0.4963768115942028,0.18556701030927836,18.594594594594593,39.199415631848055,16.424418604651162,9.7,7.74,56.49,11.1
C1 (35).txt,4,1304,4.190950920245399,0.4279141104294479,2.238095238095238,0.8809523809523809,2.2823845667299176,1.9041745730550284,2.6907020872865277,6.106997881974877,3.069509963426014,0.41553850782190127,0.1375770020533881,15.595238095238095,34.90362811791383,15.419847328244273,6.9,6.23,79.8,6.3
C1 (36).txt,4,749,4.870493991989319,0.5006675567423231,2.658536585365854,1.0,2.3556471764117943,1.908545727136432,2.8095952023988007,10.668563287635543,3.3137878755927335,0.6355392156862746,0.2830188679245283,18.317073170731707,48.696609161213566,9.454061251664447,11.02,7.27,58.11,10.5
C1 (37).txt,4,606,4.867986798679868,0.5874587458745875,2.9375,0.59375,2.6412440838404327,2.310344827586207,2.9918864097363085,10.998217821782184,3.7637776815852737,0.7951728636660145,0.3482849604221636,19.0,55.8125,15.953947368421053,10.85,7.92,59.94,9.8
C1 (38).txt,4,816,4.409313725490196,0.4950980392156863,1.7547169811320755,1.320754716981132,2.3261127596439155,1.946587537091988,2.72106824925816,7.073716703662594,3.3193424012322295,0.5690509915014165,0.21514629948364888,15.471698113207546,27.148451406194376,13.902439024390246,8.47,6.84,69.82,8.1
C1 (39).txt,4,1207,4.217067108533555,0.4142502071251036,3.3870967741935485,0.8548387096774194,2.265001601024656,1.8443804034582132,2.689721421709894,8.16625704893498,2.939475236577271,0.4819496855345912,0.16483516483516483,19.467741935483872,65.93912591050989,12.178956089478046,7.08,6.79,67.89,8.8
C1 (4).txt,4,1139,5.213345039508341,0.5074626865671642,1.8955223880597014,0.746268656716418,2.525808648280558,2.1859039836567926,2.8804902962206334,11.669631255487268,3.571474668017973,0.6737825788751715,0.296,17.08955223880597,32.39362887057251,15.109170305676855,12.82,8.0,49.86,11.6
C1 (40).txt,4,810,5.046913580246914,0.5234567901234568,2.7169811320754715,0.4716981132075472,2.5138810198300274,2.178470254957507,2.855524079320113,9.982472396925225,3.5056080506303573,0.564827429609446,0.21926910299003322,15.283018867924529,41.52367390530438,9.382716049382717,11.6,7.63,55.34,9.5
C1 (41).txt,4,826,4.490314769975787,0.49515738498789347,2.891891891891892,1.027027027027027,2.131265206812651,1.7970802919708029,2.5051094890510948,10.881544728748118,3.32577150408,0.4441327723235156,0.1518578352180937,22.324324324324323,64.55953250547846,13.68038740920097,8.94,7.35,64.95,9.9
C1 (42).txt,4,744,5.021505376344086,0.5268817204301075,2.731707317073171,1.0,2.556900212314224,2.1735668789808917,2.945859872611465,11.34324154209284,3.4837635559873275,0.53,0.20423892100192678,18.24390243902439,49.837001784651996,16.443850267379677,11.78,7.7,59.84,9.8
C1 (43).txt,4,1048,4.634541984732825,0.5190839694656488,1.9710144927536233,0.6666666666666666,2.5420130869899915,2.2263279445727484,2.8741339491916857,8.036373907511894,3.610041548182497,0.5597253574115876,0.2136986301369863,15.27536231884058,30.107960512497378,15.939278937381404,9.21,7.16,64.51,8.0
C1 (44).txt,4,666,4.624624624624625,0.5285285285285285,2.7551020408163267,1.3265306122448979,2.065984072810011,1.6689419795221843,2.477815699658703,7.270349328920759,3.436117063108434,0.5640076754385964,0.26666666666666666,13.83673469387755,38.121615993336114,10.32448377581121,9.34,7.14,62.58,8.8
C1 (45).txt,4,743,4.890982503364738,0.5302826379542396,2.3142857142857145,1.0,2.491154261057173,2.1019417475728157,2.885113268608414,12.220813305133625,3.505537337306591,0.5659067085953878,0.19324577861163228,21.228571428571428,49.12897959183674,14.401076716016151,11.26,7.82,55.98,11.3
C1 (46).txt,4,763,4.436435124508519,0.5203145478374837,2.314814814814815,1.1111111111111112,2.5085980837115467,2.1059001512859306,2.939485627836611,6.548942769768459,3.4534619114284792,0.5699404761904762,0.21518987341772153,14.166666666666666,32.79320987654321,12.156862745098039,8.71,7.15,65.66,9.7
C1 (47).txt,4,1211,4.389760528488853,0.4516928158546656,1.6571428571428573,1.2428571428571429,2.454363001745199,2.093193717277487,2.8335078534031415,7.945772089182494,3.2066584258658475,0.5467133800467134,0.2109090909090909,17.4,28.834285714285713,17.980295566502463,8.24,6.79,68.91,8.4
C1 (48).txt,4,191,4.664921465968586,0.6282722513089005,2.727272727272727,1.0,2.1620111731843568,1.8044692737430168,2.5977653631284916,9.223598286530219,3.2998576511287725,0.6929347826086957,0.2348993288590604,17.363636363636363,47.35537190082644,3.664921465968586,9.45,7.23,62.27,8.9
C1 (49).txt,4,158,4.620253164556962,0.6645569620253164,3.2857142857142856,0.7142857142857143,2.3462009803921564,1.9338235294117647,2.8088235294117645,11.617106690777575,3.364382775112858,0.4825757575757576,0.15789473684210525,22.571428571428573,74.16326530612245,16.455696202531644,9.81,7.35,65.46,9.7
C1 (5).txt,4,651,5.258064516129032,0.5161290322580645,3.27027027027027,0.7567567567567568,2.298275862068965,1.9706896551724138,2.639655172413793,12.13278116826504,3.3437469121076484,0.6597938144329897,0.2847682119205298,17.594594594594593,57.53907962016069,10.599078341013826,13.23,8.4,42.11,12.5
C1 (50).txt,4,163,4.840490797546012,0.7177914110429447,2.0,1.4,2.385644768856448,2.1313868613138687,2.6861313868613137,9.518711656441717,3.656250144137369,0.5086206896551724,0.1885245901639344,16.3,32.6,11.042944785276074,10.61,8.4,54.83,9.7
C1 (51).txt,4,163,5.184049079754601,0.6871165644171779,4.714285714285714,1.0,2.335680751173709,1.9366197183098592,2.7464788732394365,14.77258545135846,3.500000137977653,0.6488888888888888,0.2711864406779661,23.571428571428573,111.12244897959185,9.090909090909092,13.18,9.36,44.07,13.8
C1 (52).txt,4,581,5.514629948364888,0.5163511187607573,3.130434782608696,0.8260869565217391,2.1672402804333966,1.8948374760994264,2.464627151051625,17.21782010027689,3.2864461739338613,0.8146357188910379,0.4010840108401084,25.347826086956523,79.34971644612477,11.320754716981133,14.92,8.72,27.66,16.0
C1 (53).txt,4,610,4.822950819672132,0.5852459016393443,2.0,0.5,2.3967634603750754,1.9364791288566243,2.8475499092558985,9.41767730802416,3.753450570014339,0.6269940476190476,0.23620309050772628,16.263157894736842,32.526315789473685,9.385113268608414,10.26,7.44,63.29,8.5
C1 (54).txt,4,791,4.379266750948167,0.4778761061946903,2.5833333333333335,1.6388888888888888,2.349239077074128,1.9690721649484537,2.748159057437408,10.182457508076979,3.1890096483137462,0.5336977648202138,0.20987654320987653,21.97222222222222,56.761574074074076,13.274336283185843,8.54,7.2,63.63,10.4
C1 (55).txt,4,620,4.583870967741936,0.5193548387096775,3.0285714285714285,1.0285714285714285,2.410623052959502,1.9065420560747663,2.9214953271028037,9.017175115207376,3.339305922465488,0.5973748473748473,0.2437357630979499,17.714285714285715,53.648979591836735,11.935483870967742,9.28,7.2,67.79,8.8
C1 (56).txt,4,1062,4.257062146892656,0.4585687382297552,2.8181818181818183,1.121212121212121,2.2139931740614327,1.7815699658703072,2.657565415244596,6.673793014894713,3.1952653307697907,0.4992729916394038,0.18170103092783504,16.106060606060606,45.38980716253444,13.734713076199437,8.01,6.98,65.56,9.7
C1 (57).txt,4,856,4.490654205607477,0.5128504672897196,2.15,1.35,2.169216504404264,1.8052851182197496,2.5591098748261474,10.445981308411213,3.462905017670823,0.47922405876951324,0.18241042345276873,21.45,46.1175,15.384615384615385,8.88,7.57,66.57,9.3
C1 (58).txt,4,676,4.902366863905326,0.5576923076923077,1.5614035087719298,0.6140350877192983,2.450942285041224,2.035335689045936,2.851590106007067,7.607516350046716,3.634030753947038,0.5454673423423423,0.18637274549098196,11.894736842105264,18.572483841181903,12.684365781710916,10.9,7.79,61.77,9.1
C1 (59).txt,4,1080,4.234259259259259,0.42407407407407405,4.2439024390243905,2.4390243902439024,2.2384865900383133,1.8482758620689654,2.647126436781609,11.684092818428184,2.962037106124227,0.45645397873120647,0.18205461638491546,26.341463414634145,111.7906008328376,15.833333333333332,8.08,7.7,49.83,15.8
C1 (6).txt,4,755,4.733774834437086,0.4860927152317881,2.388888888888889,2.0555555555555554,2.2221693121693105,1.8650793650793651,2.6142857142857143,11.352190581309785,3.221199223807142,0.4649948559670782,0.1592128801431127,20.97222222222222,50.1003086419753,14.172185430463577,10.45,7.28,57.2,10.8
C1 (60).txt,4,662,4.974320241691843,0.5090634441087614,4.2,1.84,2.1748042505592835,1.8120805369127517,2.5620805369127515,15.239048338368583,3.306502254306302,0.5790844298245614,0.22828282828282828,26.48,111.21600000000001,8.157099697885197,12.02,8.45,42.95,14.2
C1 (61).txt,4,649,4.594761171032357,0.5254237288135594,2.6136363636363638,1.4090909090909092,2.3442990654205604,1.9214953271028037,2.77196261682243,7.6317796610169495,3.40234600369198,0.5308198683423099,0.1978494623655914,14.840909090909092,38.78873966942149,14.701378254211333,9.28,6.85,69.92,8.0
C1 (62).txt,4,992,5.0,0.5020161290322581,2.9347826086956523,1.3043478260869565,2.198954563731403,1.8516284680337756,2.565741857659831,12.902608695652177,3.4637722857135755,0.5616666666666666,0.2318840579710145,21.565217391304348,63.28922495274102,14.31451612903226,12.07,8.2,47.83,12.4
C1 (63).txt,4,580,5.077586206896552,0.6396551724137931,3.238095238095238,1.0476190476190477,2.5883838383838387,2.2337662337662336,2.95021645021645,16.533050082101802,4.070143838643987,0.6598639455782312,0.2894736842105263,28.095238095238095,90.97505668934241,25.254237288135595,12.78,9.42,41.94,14.6
C1 (64).txt,4,826,4.592009685230024,0.47094430992736075,2.5961538461538463,1.8653846153846154,2.2777140124342417,1.9239598278335726,2.6341463414634148,8.29451946358726,3.1631420906775545,0.5079143389199254,0.19532554257095158,16.192307692307693,42.03772189349113,14.964370546318289,9.4,6.96,67.28,9.0
C1 (65).txt,4,715,4.478321678321678,0.5482517482517483,2.3055555555555554,1.5277777777777777,2.4308936403508765,2.013157894736842,2.8470394736842106,9.593450660450657,3.603265394036435,0.5805378061767839,0.21083172147001933,19.86111111111111,45.79089506172839,12.447552447552447,8.59,7.48,66.98,9.2
C1 (66).txt,4,753,4.949535192563081,0.5152722443559097,2.682926829268293,1.024390243902439,2.4847448425624306,2.099348534201954,2.8957654723127035,11.077432708191623,3.4131969566883913,0.6601279910962715,0.274468085106383,18.390243902439025,49.33967876264129,20.55702917771883,11.55,7.82,49.96,11.6
C1 (67).txt,4,946,4.207188160676533,0.44820295983086683,2.3529411764705883,1.7058823529411764,2.2276839826839816,1.812987012987013,2.6506493506493505,7.7387974132570605,3.0711954009281146,0.4319205569205569,0.14165497896213183,18.705882352941178,44.01384083044983,14.675052410901468,7.38,6.76,68.94,10.5
C1 (7).txt,4,847,4.652892561983471,0.43211334120425027,2.730769230769231,0.9038461538461539,2.3592987128273406,1.9707057256990679,2.7723035952063917,8.706277813095994,2.9131788125651146,0.5756989247311828,0.21664050235478807,16.442307692307693,44.90014792899409,9.35672514619883,9.34,6.62,62.48,8.8
C1 (8).txt,4,891,4.894500561167228,0.5274971941638609,2.3333333333333335,1.0952380952380953,2.4637005649717505,2.1313559322033897,2.8502824858757063,12.230240500240505,3.5829426272853877,0.515625,0.18032786885245902,21.214285714285715,49.50000000000001,19.19191919191919,11.49,8.01,53.44,12.3
C1 (9).txt,4,1205,4.412448132780083,0.46556016597510375,2.564516129032258,1.7096774193548387,2.4140961021505376,2.0393145161290325,2.807459677419355,9.118759737652258,3.3027931523350937,0.4305690268347882,0.1342134213421342,19.532258064516128,50.090790842872,14.86374896779521,8.3,6.56,76.76,7.5
C2 (1).txt,5,481,4.511434511434511,0.5987525987525988,3.4210526315789473,1.631578947368421,2.2302600472813245,1.8628841607565012,2.6122931442080377,12.529382864646024,3.6978165775269423,0.41939252336448596,0.14745308310991956,25.42105263157895,86.96675900277009,11.387163561076605,9.35,7.6,59.77,11.9
C2 (10).txt,5,855,4.716959064327486,0.5543859649122806,2.4324324324324325,1.054054054054054,2.5901063337956525,2.220527045769764,2.954230235783634,12.340931247036515,3.742715902077221,0.5600748013090229,0.22298456260720412,23.10810810810811,56.208911614317024,16.608187134502923,10.39,8.15,61.19,11.4
C2 (11).txt,5,893,4.856662933930571,0.5083986562150056,2.116279069767442,0.9534883720930233,2.344444444444444,1.9442231075697212,2.766268260292165,11.886742883929273,3.454358687254121,0.6427656850192062,0.26580226904376014,20.88372093023256,44.19578150351542,13.028953229398663,10.97,7.87,58.11,10.5
C2 (12).txt,5,868,5.0841013824884795,0.45506912442396313,3.586206896551724,1.2758620689655173,2.2230639730639727,1.9166666666666667,2.5505050505050506,17.55060027014143,3.0790849392751594,0.65183525394793,0.27823240589198034,30.06896551724138,107.83353151010702,10.435779816513762,12.89,8.8,32.26,16.3
C2 (13).txt,5,445,5.2,0.6112359550561798,4.470588235294118,1.8823529411764706,2.3911910669975187,1.9851116625310175,2.803970223325062,16.15023529411765,3.7273622578634096,0.6349009900990099,0.2744479495268139,26.176470588235293,117.0242214532872,9.213483146067416,13.47,9.29,32.87,16.1
C2 (14).txt,5,882,4.307256235827665,0.4886621315192744,2.9583333333333335,1.3541666666666667,2.290436810856657,1.8842239185750635,2.7213740458015265,8.044676870748301,3.314200426461369,0.529559748427673,0.19011976047904192,18.375,54.359375,9.863945578231291,7.72,7.03,67.49,9.0
C2 (15).txt,5,784,4.834183673469388,0.4732142857142857,2.7142857142857144,0.42857142857142855,2.514430014430012,2.033189033189033,3.041847041847042,10.74376700680272,3.1536935542729605,0.6622685185185185,0.2609457092819615,18.80952380952381,51.054421768707485,8.860759493670885,10.56,7.55,60.24,9.7
C2 (16).txt,5,833,4.735894357743097,0.4837935174069628,3.6944444444444446,0.9444444444444444,2.2110883424408003,1.8456284153005464,2.5969945355191255,12.528840202747766,3.253527680424055,0.4756898817345598,0.17984496124031008,23.305555555555557,86.1010802469136,9.296781883194278,10.57,7.74,55.78,11.4
C2 (17).txt,5,456,4.934210526315789,0.6513157894736842,2.727272727272727,1.0,2.45703125,2.1067708333333335,2.8411458333333335,12.17376794258373,3.9876762377758173,0.6041147132169576,0.253125,20.727272727272727,56.5289256198347,12.06140350877193,11.49,8.61,48.33,12.2
C2 (18).txt,5,919,4.450489662676823,0.5277475516866159,2.3333333333333335,1.5555555555555556,2.424868766404198,2.0971128608923886,2.7493438320209975,8.041065570467094,3.600972545530477,0.5230720606826802,0.19126506024096385,17.01851851851852,39.70987654320988,13.928182807399347,8.65,7.47,69.31,8.3
C2 (19).txt,5,1052,4.848859315589354,0.48003802281368824,3.6530612244897958,1.5714285714285714,2.2100938967136146,1.836403033586132,2.588299024918743,12.142821253976877,3.340319808569692,0.5669427191166321,0.23371647509578544,21.46938775510204,78.42898792169929,8.17490494296578,10.79,8.11,57.61,10.7
C2 (2).txt,5,838,4.789976133651551,0.5322195704057279,2.763157894736842,1.394736842105263,2.315576748410535,1.9264305177111716,2.7302452316076296,12.183419168446179,3.5823795618317527,0.5538427167113493,0.20128824476650564,22.105263157894736,61.08033240997229,11.190476190476192,10.74,8.09,54.05,12.1
C2 (20).txt,5,727,4.874828060522696,0.4924346629986245,4.48,2.24,2.142823712948517,1.8034321372854913,2.4945397815912638,16.110440165061902,3.2446157894869323,0.5302459839357428,0.2028985507246377,29.16,130.63680000000002,8.916323731138547,11.67,8.05,40.72,15.1
C2 (21).txt,5,487,4.338809034907597,0.5811088295687885,2.6666666666666665,1.5833333333333333,2.380000000000001,2.0,2.76046511627907,9.151623887748116,3.596054921627049,0.5429924242424243,0.1956521739130435,20.291666666666668,54.111111111111114,9.650924024640657,8.01,7.58,65.86,9.6
C2 (22).txt,5,916,4.554585152838428,0.5502183406113537,2.5,1.4545454545454546,2.3971416561580483,2.037831021437579,2.7755359394703656,10.476641524414447,3.7524980871132763,0.5595089471493966,0.20996978851963746,20.90909090909091,52.27272727272727,12.934782608695652,9.35,7.8,55.27,11.6
C2 (23).txt,5,925,4.847567567567568,0.5437837837837838,2.3684210526315788,0.7368421052631579,2.4928240740740724,2.0972222222222223,2.888888888888889,9.516078330962543,3.713931081047297,0.5386062861869314,0.16642547033285093,16.228070175438596,38.43490304709141,12.864864864864863,10.55,7.65,61.97,9.0
C2 (24).txt,5,843,5.411625148279953,0.4792408066429419,2.46875,0.375,2.2453252032520323,1.886178861788618,2.665311653116531,17.23062944839858,3.2286294792796557,0.6789083557951483,0.2881944444444444,26.34375,65.0361328125,11.981020166073547,14.34,8.73,35.0,15.2
C2 (25).txt,5,436,4.674311926605505,0.6123853211009175,2.5238095238095237,1.3333333333333333,2.38755676657584,2.010899182561308,2.779291553133515,10.966961555264305,3.721858896729799,0.5042222222222221,0.16822429906542055,20.761904761904763,52.399092970521544,13.990825688073393,10.16,7.57,65.25,9.8
C2 (26).txt,5,838,4.495226730310263,0.4988066825775656,3.2857142857142856,1.2380952380952381,2.250436300174519,1.8337696335078535,2.68848167539267,9.718708375951813,3.3574768090710148,0.47938255613126085,0.1661631419939577,19.952380952380953,65.5578231292517,7.875894988066825,8.82,7.26,66.57,9.3
C2 (27).txt,5,1152,5.0859375,0.4401041666666667,3.489795918367347,0.6530612244897959,2.272448015122872,1.8657844990548205,2.705103969754253,14.279867665816326,3.1024064275318657,0.7035895003162556,0.3224592220828105,23.510204081632654,82.04581424406499,8.506944444444445,12.42,8.0,46.91,12.7
C2 (28).txt,5,678,5.0855457227138645,0.5294985250737463,2.8620689655172415,0.5862068965517241,2.4333872707659103,2.029126213592233,2.8770226537216828,14.212575526396094,3.4518788737029524,0.6157253599114064,0.2567849686847599,23.379310344827587,66.91319857312723,11.209439528023598,12.54,8.66,45.8,13.2
C2 (29).txt,5,496,4.538306451612903,0.5665322580645161,2.4285714285714284,2.0952380952380953,2.280597014925374,1.8955223880597014,2.6691542288557213,11.754947196620584,3.51622547461634,0.5338106603023072,0.22157434402332363,23.61904761904762,57.36054421768707,15.524193548387096,9.52,7.97,53.65,12.2
C2 (3).txt,5,1014,4.522682445759369,0.5029585798816568,2.7142857142857144,2.257142857142857,2.394030732860518,2.0319148936170213,2.796690307328605,14.38612003381234,3.481307370726899,0.5154025670945158,0.18370165745856354,29.02857142857143,78.79183673469389,15.649606299212598,9.64,7.72,59.06,12.2
C2 (30).txt,5,887,5.003382187147689,0.4791431792559188,3.1944444444444446,1.3333333333333333,2.1666451335055985,1.7506459948320414,2.598191214470284,14.510930101465611,3.252349625120148,0.5619868637110016,0.22658610271903323,24.75,79.0625,8.866442199775532,12.07,8.46,43.06,14.2
C2 (31).txt,5,817,4.953488372093023,0.45777233782129745,3.4864864864864864,0.7837837837837838,2.1222444444444437,1.724,2.556,12.941470773098679,3.0696560850399526,0.6958605664488017,0.31669535283993117,22.08108108108108,76.9853907962016,6.364749082007344,11.73,8.2,48.33,12.2
C2 (32).txt,5,791,4.782553729456384,0.5246523388116309,2.9166666666666665,1.4444444444444444,2.4776915113871625,2.0760869565217392,2.8975155279503104,12.081939176850682,3.501161386376203,0.5690084703537619,0.2208029197080292,21.97222222222222,64.08564814814814,15.423514538558786,10.86,8.15,55.47,11.5
C2 (33).txt,5,460,5.1521739130434785,0.6434782608695652,2.4761904761904763,1.1428571428571428,2.5473455178416025,2.135770234986945,2.9947780678851177,13.789120082815735,3.9453109584500208,0.6704931972789115,0.2768729641693811,21.904761904761905,54.240362811791385,14.782608695652174,12.94,9.2,43.36,14.1
C2 (34).txt,5,804,4.6393034825870645,0.5236318407960199,3.0,1.2727272727272727,2.470292987512007,2.0734870317002883,2.8991354466858787,12.602937584803257,3.5028871795078915,0.512339514978602,0.188135593220339,24.363636363636363,73.0909090909091,12.810945273631841,9.99,7.76,60.99,11.5
C2 (35).txt,5,952,4.357142857142857,0.49054621848739494,2.825,1.575,2.3386501736111103,1.9596354166666667,2.7395833333333335,11.042142857142856,3.364443142066772,0.46624737945492667,0.1572052401746725,23.9,67.5175,16.84100418410042,8.3,7.42,62.92,10.7
C2 (36).txt,5,768,4.122395833333333,0.5299479166666666,2.2295081967213113,1.1967213114754098,2.433280507131536,2.0364500792393025,2.838351822503962,4.2815663422131145,3.520862527852998,0.4721370143149285,0.16636851520572452,12.59016393442623,28.069873689868313,15.104166666666666,6.85,6.65,77.06,7.4
C2 (37).txt,5,470,4.759574468085106,0.574468085106383,2.6818181818181817,1.0909090909090908,2.4789763113367176,2.065989847715736,2.9060913705583755,11.669413926499033,3.534548569298103,0.6731738035264484,0.288961038961039,21.363636363636363,57.29338842975206,15.53191489361702,10.62,7.75,55.98,11.3
C2 (38).txt,5,843,4.640569395017794,0.5231316725978647,2.7708333333333335,1.1458333333333333,2.294692737430167,1.9483240223463687,2.655027932960894,9.249998517200474,3.5243207929760594,0.4930747922437673,0.16639741518578352,17.645833333333332,48.89366319444444,14.757969303423849,9.75,7.71,59.03,10.1
C2 (39).txt,5,1042,5.0585412667946255,0.472168905950096,3.8,1.5,2.2279375221867226,1.8647497337593184,2.6091586794462196,15.445729366602684,3.2810531990193375,0.643223819301848,0.2567741935483871,26.1,99.18,6.704980842911877,12.36,7.95,44.88,13.5
C2 (4).txt,5,560,4.951785714285714,0.5303571428571429,6.533333333333333,2.066666666666667,2.410714285714285,2.0734126984126986,2.7738095238095237,20.626244047619046,3.3560664727992338,0.6089993502274205,0.26666666666666666,37.46666666666667,244.78222222222223,8.718861209964412,12.08,9.34,33.41,17.9
C2 (40).txt,5,729,4.539094650205762,0.48148148148148145,4.75,5.15,2.2806320907617503,1.959481361426256,2.6158833063209075,18.174135802469138,3.1737688339300947,0.4690982776089159,0.16049382716049382,36.45,173.13750000000002,9.739368998628258,9.7,8.11,51.45,15.1
C2 (41).txt,5,488,4.51844262295082,0.5840163934426229,2.466666666666667,0.7333333333333333,2.320773524720894,2.0095693779904304,2.6339712918660285,7.985198087431694,3.615245677598662,0.5382830626450116,0.2140845070422535,16.266666666666666,40.12444444444444,11.68032786885246,8.88,7.34,69.21,8.3
C2 (42).txt,5,841,4.556480380499406,0.5101070154577884,2.6153846153846154,2.230769230769231,2.3473659673659664,2.0083916083916082,2.7146853146853145,10.813073874203482,3.4353624519957133,0.4896251673360107,0.17823343848580442,21.564102564102566,56.39842209072979,11.17717003567182,9.46,7.42,64.04,10.3
C2 (43).txt,5,1042,4.205374280230326,0.44049904030710174,2.087719298245614,1.5789473684210527,2.3879975874547625,1.9577804583835947,2.8202653799758743,7.517663737077818,3.060982557621699,0.48152337858220207,0.17866666666666667,18.280701754385966,38.16497383810403,15.163147792706333,7.2,6.6,77.98,7.0
C2 (44).txt,5,720,4.908333333333333,0.49444444444444446,4.076923076923077,1.4615384615384615,2.2086466165413525,1.8796992481203008,2.5864661654135337,15.534403846153843,3.2530742103827723,0.6129518072289156,0.2551984877126654,27.692307692307693,112.89940828402366,7.777777777777778,11.49,8.23,43.36,14.1
C2 (45).txt,5,457,4.49890590809628,0.5908096280087527,3.24,1.52,2.281849024597116,1.921119592875318,2.6666666666666665,8.899846827133477,3.6185219158455912,0.6054042904290429,0.2625,18.28,59.22720000000001,11.597374179431071,8.94,7.47,68.4,8.6
C2 (46).txt,5,896,4.799107142857143,0.5178571428571429,2.7906976744186047,1.0465116279069768,2.317107001321004,1.928665785997358,2.7331571994715986,11.627283014950173,3.5203619995763034,0.5464376590330788,0.21483771251931993,20.906976744186046,58.34505137912385,12.569521690767518,10.8,8.16,57.0,10.9
C2 (47).txt,5,981,4.530071355759429,0.42201834862385323,1.525,1.2,2.369935483870966,1.9974193548387096,2.7651612903225806,6.037886085626916,2.90710397376153,0.4416764590677634,0.14535666218034993,12.2625,18.7003125,13.25178389398573,8.88,6.57,76.45,7.6
C2 (48).txt,5,830,4.798795180722892,0.5325301204819277,2.7555555555555555,1.3777777777777778,2.3604408914728667,1.995639534883721,2.73546511627907,10.416769745649265,3.5793616382523665,0.6429910923581809,0.2833935018050541,18.488888888888887,50.947160493827155,14.543269230769232,10.97,7.88,56.08,11.3
C2 (49).txt,5,475,4.941052631578947,0.6294736842105263,3.85,1.4,2.4257936507936515,2.0214285714285714,2.857142857142857,13.717357894736843,3.8796444766449634,0.5363849765258215,0.19327731092436976,23.75,91.4375,10.31578947368421,11.61,8.42,43.16,14.2
C2 (5).txt,5,445,4.548314606741573,0.6,3.4285714285714284,0.7619047619047619,2.3212598425196855,1.994750656167979,2.6666666666666665,10.587799892990908,3.658844569299744,0.5421691792294808,0.21341463414634146,21.19047619047619,72.65306122448979,10.561797752808989,9.41,7.9,63.12,10.6
C2 (50).txt,5,884,4.828054298642534,0.49321266968325794,3.5675675675675675,1.4054054054054055,2.3038291279327128,1.9136786188579018,2.7118193891102256,13.256081692552279,3.3461801802149465,0.5664510564898664,0.22698412698412698,23.89189189189189,85.23593864134405,12.55656108597285,11.15,8.38,44.27,13.7
C2 (51).txt,5,981,4.326197757390418,0.43119266055045874,1.9384615384615385,1.3692307692307693,2.356479166666665,1.9225,2.80375,6.492545283462714,2.9703018862346062,0.41962616822429905,0.13227513227513227,15.092307692307692,29.25585798816568,12.7420998980632,7.95,6.31,76.35,7.6
C2 (52).txt,5,839,4.790226460071514,0.5256257449344458,3.5945945945945947,1.3783783783783783,2.391505524861877,2.0290055248618786,2.766574585635359,12.469804464774668,3.538623267642477,0.5945642407906558,0.2619047619047619,22.675675675675677,81.50986121256392,11.561382598331345,10.86,7.85,57.0,10.9
C2 (53).txt,5,501,4.431137724550898,0.5688622754491018,2.1875,1.25,2.2401002506265675,1.9398496240601504,2.56390977443609,7.30003368263473,3.536392692233905,0.5682367149758455,0.1930835734870317,15.71875,34.384765625,17.693836978131213,8.76,7.74,67.89,8.8
C2 (54).txt,5,911,4.605927552140505,0.5137211855104281,1.7285714285714286,0.9571428571428572,2.3792307692307686,1.9871794871794872,2.787179487179487,6.7710616277246345,3.500775055892053,0.5219077568134172,0.20637329286798178,13.014285714285714,22.49612244897959,12.733260153677278,9.22,6.99,70.94,7.6
C2 (55).txt,5,936,4.254273504273504,0.4636752136752137,1.8405797101449275,0.9710144927536232,2.3372458001768335,1.9045092838196287,2.815649867374005,5.39023690078038,3.172287517939396,0.47424828178694156,0.16167664670658682,13.565217391304348,24.967863894139885,17.094017094017094,7.07,6.23,83.25,5.0
C2 (56).txt,5,852,4.433098591549296,0.4671361502347418,1.7796610169491525,1.6779661016949152,2.223737373737373,1.8686868686868687,2.6204906204906204,6.670233349248033,3.1520415935188586,0.46282734132268083,0.15716486902927582,14.440677966101696,25.69951163458776,11.854460093896714,8.35,6.98,72.16,7.2
C2 (57).txt,5,487,4.852156057494867,0.6119096509240246,2.6538461538461537,0.5769230769230769,2.350077700077701,1.9673659673659674,2.7505827505827507,10.789039646185437,3.7866585393811327,0.6076146076146075,0.23275862068965517,18.73076923076923,49.7085798816568,11.90965092402464,10.85,7.89,59.13,10.1
C2 (58).txt,5,882,4.459183673469388,0.481859410430839,2.7058823529411766,1.6470588235294117,2.2151128139633873,1.8544061302681993,2.6002554278416348,8.259029611844738,3.2680630655361527,0.4566708229426434,0.17251461988304093,17.372549019607842,47.0080738177624,9.480812641083523,8.88,7.0,69.41,8.2
C2 (59).txt,5,1080,4.537962962962963,0.48055555555555557,2.6031746031746033,1.2857142857142858,2.33080754180007,1.9028815368196372,2.7545357524012806,8.515234126984126,3.356544231612389,0.5189552760307478,0.20759493670886076,17.142857142857142,44.625850340136054,11.666666666666666,9.11,7.05,68.4,8.6
C2 (6).txt,5,921,4.849077090119436,0.4777415852334419,3.0697674418604652,1.6744186046511629,2.2595298068849687,1.8513853904282116,2.672544080604534,12.141711233997427,3.260806097668116,0.5987241798298907,0.21207658321060383,21.46511627906977,65.89291508923743,10.834236186348862,11.2,8.11,47.93,12.3
C2 (60).txt,5,746,4.134048257372654,0.5053619302949062,2.0943396226415096,0.9622641509433962,2.472843628269336,2.0834724540901504,2.9065108514190316,5.079103141281806,3.342830497690104,0.4241214057507987,0.15285451197053407,14.075471698113208,29.478818084727667,16.0857908847185,6.31,6.22,82.65,5.2
C2 (61).txt,5,523,4.531548757170172,0.5544933078393881,2.76,1.8,2.2381362007168466,1.8709677419354838,2.6344086021505375,10.37359464627151,3.4708960316994792,0.5231776362349612,0.18341708542713567,20.92,57.7392,9.94263862332696,9.41,7.7,56.89,11.0
C2 (62).txt,5,873,4.54524627720504,0.5108820160366552,3.5428571428571427,1.2857142857142858,2.3838874113475166,1.9375,2.859042553191489,12.449538537064306,3.459660089237643,0.5167097887020267,0.18558282208588958,24.942857142857143,88.36897959183673,11.45475372279496,9.41,7.57,60.69,11.6
C2 (63).txt,5,999,3.992992992992993,0.4044044044044044,1.8636363636363635,1.803030303030303,2.100285947712416,1.7279411764705883,2.5012254901960786,4.975481845481845,2.7931220526266425,0.4172514619883041,0.14304812834224598,15.196969696969697,28.321625344352615,14.755732801595215,6.33,6.58,72.5,9.1
C2 (64).txt,5,891,4.718294051627385,0.4781144781144781,3.404255319148936,1.148936170212766,2.322721518987341,1.950632911392405,2.6911392405063292,10.293164983164985,3.2475182111139893,0.5233042030794839,0.20089955022488756,19.0,64.68085106382979,10.3023516237402,10.21,7.89,58.72,10.3
C2 (65).txt,5,172,5.4476744186046515,0.7093023255813954,2.75,0.25,2.691832229580574,2.251655629139073,3.1589403973509933,14.978546511627904,3.65112980332117,0.668888888888889,0.2605042016806723,21.5,59.125,12.790697674418606,14.33,9.75,41.19,12.9
C2 (66).txt,5,164,4.579268292682927,0.676829268292683,3.25,0.625,2.5635964912280698,2.151315789473684,3.0065789473684212,10.388353658536584,3.4517388627346715,0.7327505827505827,0.3619047619047619,20.5,66.625,12.804878048780488,9.23,7.67,66.98,9.2
C2 (67).txt,5,178,5.297752808988764,0.7415730337078652,3.0,0.8333333333333334,2.4995670995670998,2.227272727272727,2.7857142857142856,10.939082397003745,3.8426709474076137,0.610587002096436,0.25196850393700787,14.833333333333334,44.5,10.674157303370785,12.87,8.9,47.99,10.2
C2 (68).txt,5,747,4.57429718875502,0.5394912985274432,2.825,1.9,2.240156249999999,1.9140625,2.5890625,9.452439759036146,3.569309597869512,0.4655797101449275,0.1624548736462094,18.675,52.75687500000001,13.788487282463185,9.4,7.26,68.2,8.7
C2 (69).txt,5,854,4.715456674473068,0.5409836065573771,2.3191489361702127,0.6595744680851063,2.6578716528162496,2.2493074792243766,3.0734072022160666,9.875545617619217,3.6516021212298826,0.6043131739334271,0.24083769633507854,18.19148936170213,42.18877320054323,16.842105263157894,10.04,7.33,67.49,9.0
C2 (7).txt,5,923,4.326110509209101,0.5016251354279523,1.8064516129032258,1.032258064516129,2.4687280701754366,2.0776315789473685,2.8960526315789474,6.437915982245833,3.4249104394093393,0.4861355081555835,0.16691068814055637,14.983870967741936,27.06763787721124,14.208826695371368,7.54,6.73,78.79,6.7
C2 (8).txt,5,778,4.080976863753214,0.40102827763496146,5.2,3.1333333333333333,2.055347326336831,1.56071964017991,2.5817091454272862,10.758067694944302,2.6695355726782237,0.37464285714285717,0.1111111111111111,25.933333333333334,134.85333333333335,10.025706940874036,6.8,6.65,70.67,9.8
C2 (9).txt,5,458,4.478165938864628,0.5895196506550219,3.3636363636363638,1.3636363636363635,2.2797138047138055,1.9116161616161615,2.648989898989899,10.071252481143311,3.6119097810280136,0.5121621621621621,0.19005847953216373,20.818181818181817,70.02479338842974,11.135371179039302,9.06,7.01,65.05,9.9
